,Grouped comorbidity,ICD-10
0,Acquired valvular disease,"A52.03, I05.0, I05.1, I05.2, I05.8, I05.9, I06.0, I06.1, I06.2, I06.8, I06.9, I07.0, I07.1, I07.2, I07.8, I07.9, I08.0, I08.1, I08.2, I08.3, I08.8, I08.9, I09.1, I09.89, I09.9, I34.0, I34.1, I34.2, I34.8, I34.9, I35.0, I35.1, I35.2, I35.8, I35.9, I36.0, I36.1, I36.2, I36.8, I36.9, I37.0, I37.1, I37.2, I37.8, I37.9, I38, I39, I42.4, T82.01XA, T82.01XD, T82.01XS, T82.02XA, T82.02XD, T82.02XS, T82.03XA, T82.03XD, T82.03XS, T82.09XA, T82.09XD, T82.09XS, T82.6XXA, T82.6XXD, T82.6XXS, Z95.2, Z95.3, Z95.4, 093.20, 093.21, 093.22, 093.23, 093.24, 394.0, 394.1, 394.2, 394.9, 395.0, 395.1, 395.2, 395.9, 396.0, 396.1, 396.2, 396.3, 396.8, 396.9, 397.0, 397.1, 397.9, 398.90, 398.99, 424.0, 424.1, 424.2, 424.3, 424.90, 424.91, 424.99, 425.3, 996.02, 996.71, V42.2, V43.3"
1,Age-related macular degeneration,"H35.30, H35.3110, H35.3111, H35.3112, H35.3113, H35.3114, H35.3120, H35.3121, H35.3122, H35.3123, H35.3124, H35.3130, H35.3131, H35.3132, H35.3133, H35.3134, H35.3190, H35.3191, H35.3192, H35.3193, H35.3194, H35.3210, H35.3211, H35.3212, H35.3213, H35.3220, H35.3221, H35.3222, H35.3223, H35.3230, H35.3231, H35.3232, H35.3233, H35.3290, H35.3291, H35.3292, H35.3293, 362.50, 362.51, 362.52"
2,Alcohol dependence,"F10.10, F10.11, F10.120, F10.121, F10.129, F10.130, F10.131, F10.132, F10.139, F10.14, F10.150, F10.151, F10.159, F10.180, F10.181, F10.182, F10.188, F10.19, F10.20, F10.21, F10.220, F10.221, F10.229, F10.230, F10.231, F10.232, F10.239, F10.24, F10.250, F10.251, F10.259, F10.26, F10.27, F10.280, F10.281, F10.282, F10.288, F10.29, F10.920, F10.921, F10.929, F10.930, F10.931, F10.932, F10.939, F10.94, F10.950, F10.951, F10.959, F10.96, F10.97, F10.980, F10.981, F10.982, F10.988, F10.99, G31.2, G62.1, G72.1, K70.0, K70.10, K70.11, K70.2, K70.30, K70.31, K70.40, K70.41, K70.9, 291.0, 291.1, 291.2, 291.3, 291.4, 291.5, 291.81, 291.82, 291.89, 291.9, 303.00, 303.01, 303.02, 303.03, 303.90, 303.91, 303.92, 303.93, 305.00, 305.01, 305.02, 305.03, 357.5, 571.0, 571.1, 571.2, 571.3"
3,"Aneurysm of aorta, peripheral, and visceral arteries","I67.0, I71.00, I71.01, I71.02, I71.03, I71.1, I71.2, I71.3, I71.4, I71.5, I71.6, I71.8, I71.9, I72.0, I72.1, I72.2, I72.3, I72.4, I72.5, I72.6, I72.8, I72.9, I77.70, I77.71, I77.72, I77.73, I77.74, I77.75, I77.76, I77.77, I77.79, I77.810, I77.811, I77.812, I77.819, I79.0, 441.00, 441.01, 441.02, 441.03, 441.1, 441.2, 441.3, 441.4, 441.5, 441.6, 441.7, 441.9, 442.0, 442.1, 442.2, 442.3, 442.81, 442.82, 442.83, 442.84, 442.89, 442.9, 443.21, 443.22, 443.23, 443.24, 443.29, 447.70, 447.71, 447.72, 447.73"
4,Anxiety disorder,"F10.180, F10.280, F10.980, F12.180, F12.280, F12.980, F13.180, F13.280, F13.980, F14.180, F14.280, F14.980, F15.180, F15.280, F15.980, F16.180, F16.280, F16.980, F18.180, F18.280, F18.980, F19.180, F19.280, F19.980, F40.00, F40.01, F40.02, F40.10, F40.11, F40.210, F40.218, F40.220, F40.228, F40.230, F40.231, F40.232, F40.233, F40.240, F40.241, F40.242, F40.243, F40.248, F40.290, F40.291, F40.298, F40.8, F40.9, F41.0, F41.1, F41.3, F41.8, F41.9, F42.2, F42.3, F42.4, F42.8, F42.9, F43.0, F43.10, F43.11, F43.12, F43.20, F43.21, F43.22, F43.23, F43.24, F43.25, F43.29, F43.8, F43.9, F44.0, F44.1, F44.2, F44.4, F44.5, F44.6, F44.7, F44.81, F44.89, F44.9, F45.0, F45.1, F45.20, F45.21, F45.22, F45.29, F45.41, F45.42, F45.8, F45.9, F48.1, F48.2, F48.8, F48.9, 300.00, 300.01, 300.02, 300.09, 300.10, 300.11, 300.12, 300.13, 300.14, 300.15, 300.20, 300.21, 300.22, 300.23, 300.29, 300.3, 300.4, 300.5, 300.6, 300.7, 300.81, 300.82, 300.89, 300.9, 307.80, 307.89, 308.0, 308.1, 308.2, 308.3, 308.4, 308.9, 309.0, 309.1, 309.24, 309.28, 309.29, 309.3, 309.4, 309.81, 309.82, 309.83, 309.89, 309.9, 310.81"
5,Asthma,"J45.20, J45.21, J45.22, J45.30, J45.31, J45.32, J45.40, J45.41, J45.42, J45.50, J45.51, J45.52, J45.901, J45.902, J45.909, J45.990, J45.991, J45.998, 493.00, 493.01, 493.02, 493.10, 493.11, 493.12, 493.20, 493.21, 493.22, 493.81, 493.82, 493.90, 493.91, 493.92"
6,Atopic dermatitis,"L20.0, L20.81, L20.82, L20.83, L20.84, L20.89, L20.9, L30.2, 691.8"
7,Atrial fibrillation,"I48.0, I48.11, I48.19, I48.20, I48.21, I48.91, 427.31"
8,Autism spectrum disorder,"F84.0, F84.2, F84.3, F84.5, F84.8, F84.9, 299.00, 299.01, 299.10, 299.11, 299.80, 299.81, 299.90, 299.91"
9,Bladder cancer,"C67.0, C67.1, C67.2, C67.3, C67.4, C67.5, C67.6, C67.7, C67.8, C67.9, D09.0, 188.0, 188.1, 188.2, 188.3, 188.4, 188.5, 188.6, 188.7, 188.8, 188.9, 233.7"
10,Bone and soft tissue cancer,"C40.00, C40.01, C40.02, C40.10, C40.11, C40.12, C40.20, C40.21, C40.22, C40.30, C40.31, C40.32, C40.80, C40.81, C40.82, C40.90, C40.91, C40.92, C41.0, C41.1, C41.2, C41.3, C41.4, C41.9, C47.0, C47.10, C47.11, C47.12, C47.20, C47.21, C47.22, C47.3, C47.4, C47.5, C47.6, C47.8, C47.9, C49.0, C49.10, C49.11, C49.12, C49.20, C49.21, C49.22, C49.3, C49.4, C49.5, C49.6, C49.8, C49.9, 170.0, 170.1, 170.2, 170.3, 170.4, 170.5, 170.6, 170.7, 170.8, 170.9, 171.0, 171.2, 171.3, 171.4, 171.5, 171.6, 171.7, 171.8, 171.9"
11,Breast cancer,"C50.011, C50.012, C50.019, C50.021, C50.022, C50.029, C50.111, C50.112, C50.119, C50.121, C50.122, C50.129, C50.211, C50.212, C50.219, C50.221, C50.222, C50.229, C50.311, C50.312, C50.319, C50.321, C50.322, C50.329, C50.411, C50.412, C50.419, C50.421, C50.422, C50.429, C50.511, C50.512, C50.519, C50.521, C50.522, C50.529, C50.611, C50.612, C50.619, C50.621, C50.622, C50.629, C50.811, C50.812, C50.819, C50.821, C50.822, C50.829, C50.911, C50.912, C50.919, C50.921, C50.922, C50.929, D05.00, D05.01, D05.02, D05.10, D05.11, D05.12, D05.80, D05.81, D05.82, D05.90, D05.91, D05.92, 174.0, 174.1, 174.2, 174.3, 174.4, 174.5, 174.6, 174.8, 174.9, 175.0, 175.9, 233.0"
12,Bronchial and lung cancer,"C34.00, C34.01, C34.02, C34.10, C34.11, C34.12, C34.2, C34.30, C34.31, C34.32, C34.80, C34.81, C34.82, C34.90, C34.91, C34.92, C7A.090, D02.20, D02.21, D02.22, 162.2, 162.3, 162.4, 162.5, 162.8, 162.9, 209.21, 231.2"
13,COPD (Chronic Obstructive Pulmonary Disease),"J43.0, J43.1, J43.2, J43.8, J43.9, J44.0, J44.1, J44.9, J47.0, J47.1, J47.9, 491.20, 491.21, 491.22, 492.0, 492.8, 493.20, 493.21, 493.22, 494.0, 494.1, 496"
14,Cervical cancer,"C53.0, C53.1, C53.8, C53.9, 180.0, 180.1, 180.8, 180.9"
15,Chronic kidney failure,"D63.1, E08.21, E08.22, E08.29, E09.21, E09.22, E09.29, E10.21, E10.22, E10.29, E11.21, E11.22, E11.29, E13.21, E13.22, E13.29, I12.0, I12.9, I13.0, I13.10, I13.11, I13.2, I95.3, N18.1, N18.2, N18.30, N18.31, N18.32, N18.4, N18.5, N18.6, N18.9, R88.0, T81.502A, T81.502D, T81.502S, T81.512A, T81.512D, T81.512S, T81.522A, T81.522D, T81.522S, T81.532A, T81.532D, T81.532S, T81.592A, T81.592D, T81.592S, T82.41XA, T82.41XD, T82.41XS, T82.42XA, T82.42XD, T82.42XS, T82.43XA, T82.43XD, T82.43XS, T82.49XA, T82.49XD, T82.49XS, T85.611A, T85.611D, T85.611S, T85.621A, T85.621D, T85.621S, T85.631A, T85.631D, T85.631S, T85.691A, T85.691D, T85.691S, T85.71XA, T85.71XD, T85.71XS, T86.10, T86.11, T86.12, T86.13, T86.19, Z49.01, Z49.02, Z49.31, Z49.32, Z91.15, Z94.0, Z99.2, 249.40, 249.41, 250.40, 250.41, 250.42, 250.43, 285.21, 403.00, 403.01, 403.10, 403.11, 403.90, 403.91, 404.00, 404.01, 404.02, 404.03, 404.10, 404.11, 404.12, 404.13, 404.90, 404.91, 404.92, 404.93, 458.21, 585.1, 585.2, 585.3, 585.4, 585.5, 585.6, 585.9, 792.5, 996.56, 996.68, 996.73, 996.81, V42.0, V45.11, V45.12, V56.0, V56.1, V56.2, V56.31, V56.32, V56.8"
16,Chronic liver disease except cirrhosis,"B18.0, B18.1, B18.2, B18.8, B18.9, K70.10, K70.11, K70.40, K70.41, K70.9, K71.3, K71.4, K71.50, K71.51, K73.0, K73.1, K73.2, K73.8, K73.9, K74.1, K74.2, K75.4, K76.1, K76.5, K76.6, K76.7, K76.81, K76.89, K76.9, 070.22, 070.23, 070.32, 070.33, 070.44, 070.54, 070.71, 571.1, 571.3, 571.40, 571.41, 571.42, 571.49, 571.9, 572.3, 572.4, 573.0, 573.5, 573.8"
17,Collagen disease and vasculitis,"D68.62, I09.0, I09.2, M30.0, M30.1, M30.2, M30.8, M31.0, M31.1, M31.2, M31.30, M31.31, M31.4, M31.5, M31.6, M31.7, M31.8, M31.9, M32.0, M32.10, M32.11, M32.12, M32.13, M32.14, M32.15, M32.19, M32.8, M32.9, M33.00, M33.01, M33.02, M33.03, M33.09, M33.10, M33.11, M33.12, M33.13, M33.19, M33.20, M33.21, M33.22, M33.29, M33.90, M33.91, M33.92, M33.93, M33.99, M34.0, M34.1, M34.2, M34.81, M34.82, M34.83, M34.89, M34.9, M35.00, M35.01, M35.02, M35.03, M35.04, M35.09, M35.1, M35.2, M35.3, M35.4, M35.5, M35.6, M35.7, M35.89, M35.9, M36.0, M36.8, 136.1, 357.1, 393, 398.0, 446.0, 446.20, 446.21, 446.29, 446.3, 446.4, 446.5, 446.6, 446.7, 517.2, 710.0, 710.1, 710.2, 710.3, 710.4, 710.5, 710.8, 710.9, 711.20, 711.21, 711.22, 711.23, 711.24, 711.25, 711.26, 711.27, 711.28, 711.29, 725, 728.5"
18,Colorectal cancer,"C18.0, C18.1, C18.2, C18.3, C18.4, C18.5, C18.6, C18.7, C18.8, C18.9, C19, C20, C21.0, C21.1, C21.2, C21.8, C49.A4, C49.A5, C7A.020, C7A.021, C7A.022, C7A.023, C7A.024, C7A.025, C7A.026, C7A.029, 153.0, 153.1, 153.2, 153.3, 153.4, 153.5, 153.6, 153.7, 153.8, 153.9, 154.0, 154.1, 154.2, 154.3, 154.8, 209.10, 209.11, 209.12, 209.13, 209.14, 209.15, 209.16, 209.17"
19,Congenital heart and circulatory anomaly,"P29.30, P29.38, Q20.0, Q20.1, Q20.2, Q20.3, Q20.4, Q20.5, Q20.6, Q20.8, Q20.9, Q21.0, Q21.1, Q21.2, Q21.3, Q21.4, Q21.8, Q21.9, Q22.0, Q22.1, Q22.2, Q22.3, Q22.4, Q22.5, Q22.6, Q22.8, Q22.9, Q23.0, Q23.1, Q23.2, Q23.3, Q23.4, Q23.8, Q23.9, Q24.0, Q24.1, Q24.2, Q24.3, Q24.4, Q24.5, Q24.6, Q24.8, Q24.9, Q25.0, Q25.1, Q25.21, Q25.29, Q25.3, Q25.40, Q25.41, Q25.42, Q25.43, Q25.44, Q25.45, Q25.46, Q25.47, Q25.48, Q25.49, Q25.5, Q25.6, Q25.71, Q25.72, Q25.79, Q25.8, Q25.9, Q26.0, Q26.1, Q26.2, Q26.3, Q26.4, Q26.5, Q26.6, Q26.8, Q26.9, Q27.0, Q27.1, Q27.2, Q27.30, Q27.31, Q27.32, Q27.33, Q27.34, Q27.39, Q27.4, Q27.8, Q27.9, Q28.0, Q28.1, Q28.2, Q28.3, Q28.8, Q28.9, 745.0, 745.10, 745.11, 745.12, 745.19, 745.2, 745.3, 745.4, 745.5, 745.60, 745.61, 745.69, 745.7, 745.8, 745.9, 746.00, 746.01, 746.02, 746.09, 746.1, 746.2, 746.3, 746.4, 746.5, 746.6, 746.7, 746.81, 746.82, 746.83, 746.84, 746.85, 746.86, 746.87, 746.89, 746.9, 747.0, 747.10, 747.11, 747.20, 747.21, 747.22, 747.29, 747.31, 747.32, 747.39, 747.40, 747.41, 747.42, 747.49, 747.5, 747.60, 747.61, 747.62, 747.63, 747.64, 747.69, 747.81, 747.82, 747.83, 747.89, 747.9"
20,Dementia,"F01.50, F01.51, F02.80, F02.81, F03.90, F03.91, F10.27, F10.97, F13.27, F13.97, F18.97, F19.17, F19.27, F19.97, G30.0, G30.1, G30.8, G30.9, G31.01, G31.09, G31.1, G31.83, 290.0, 290.10, 290.11, 290.12, 290.13, 290.20, 290.21, 290.3, 290.40, 290.41, 290.42, 290.43, 290.8, 290.9, 291.2, 292.82, 294.10, 294.11, 294.20, 294.21, 331.0, 331.11, 331.19, 331.2, 331.82"
21,Dependence on other substances,"F11.10, F11.11, F11.120, F11.121, F11.122, F11.129, F11.13, F11.14, F11.150, F11.151, F11.159, F11.181, F11.182, F11.188, F11.19, F11.20, F11.21, F11.220, F11.221, F11.222, F11.229, F11.23, F11.24, F11.250, F11.251, F11.259, F11.281, F11.282, F11.288, F11.29, F11.90, F11.920, F11.921, F11.922, F11.929, F11.93, F11.94, F11.950, F11.951, F11.959, F11.981, F11.982, F11.988, F11.99, F12.10, F12.11, F12.120, F12.121, F12.122, F12.129, F12.13, F12.150, F12.151, F12.159, F12.180, F12.188, F12.19, F12.20, F12.21, F12.220, F12.221, F12.222, F12.229, F12.23, F12.250, F12.251, F12.259, F12.280, F12.288, F12.29, F12.90, F12.920, F12.921, F12.922, F12.929, F12.93, F12.950, F12.951, F12.959, F12.980, F12.988, F12.99, F13.10, F13.11, F13.120, F13.121, F13.129, F13.130, F13.131, F13.132, F13.139, F13.14, F13.150, F13.151, F13.159, F13.180, F13.181, F13.182, F13.188, F13.19, F13.20, F13.21, F13.220, F13.221, F13.229, F13.230, F13.231, F13.232, F13.239, F13.24, F13.250, F13.251, F13.259, F13.26, F13.27, F13.280, F13.281, F13.282, F13.288, F13.29, F13.90, F13.920, F13.921, F13.929, F13.930, F13.931, F13.932, F13.939, F13.94, F13.950, F13.951, F13.959, F13.96, F13.97, F13.980, F13.981, F13.982, F13.988, F13.99, F14.10, F14.11, F14.120, F14.121, F14.122, F14.129, F14.13, F14.14, F14.150, F14.151, F14.159, F14.180, F14.181, F14.182, F14.188, F14.19, F14.20, F14.21, F14.220, F14.221, F14.222, F14.229, F14.23, F14.24, F14.250, F14.251, F14.259, F14.280, F14.281, F14.282, F14.288, F14.29, F14.90, F14.920, F14.921, F14.922, F14.929, F14.93, F14.94, F14.950, F14.951, F14.959, F14.980, F14.981, F14.982, F14.988, F14.99, F15.10, F15.11, F15.120, F15.121, F15.122, F15.129, F15.13, F15.14, F15.150, F15.151, F15.159, F15.180, F15.181, F15.182, F15.188, F15.19, F15.20, F15.21, F15.220, F15.221, F15.222, F15.229, F15.23, F15.24, F15.250, F15.251, F15.259, F15.280, F15.281, F15.282, F15.288, F15.29, F15.90, F15.920, F15.921, F15.922, F15.929, F15.93, F15.94, F15.950, F15.951, F15.959, F15.980, F15.981, F15.982, F15.988, F15.99, F16.10, F16.11, F16.120, F16.121, F16.122, F16.129, F16.14, F16.150, F16.151, F16.159, F16.180, F16.183, F16.188, F16.19, F16.20, F16.21, F16.220, F16.221, F16.229, F16.24, F16.250, F16.251, F16.259, F16.280, F16.283, F16.288, F16.29, F16.90, F16.920, F16.921, F16.929, F16.94, F16.950, F16.951, F16.959, F16.980, F16.983, F16.988, F16.99, F18.10, F18.11, F18.120, F18.121, F18.129, F18.14, F18.150, F18.151, F18.159, F18.17, F18.180, F18.188, F18.19, F18.20, F18.21, F18.220, F18.221, F18.229, F18.24, F18.250, F18.251, F18.259, F18.27, F18.280, F18.288, F18.29, F18.90, F18.920, F18.921, F18.929, F18.94, F18.950, F18.951, F18.959, F18.97, F18.980, F18.988, F18.99, F19.10, F19.11, F19.120, F19.121, F19.122, F19.129, F19.130, F19.131, F19.132, F19.139, F19.14, F19.150, F19.151, F19.159, F19.16, F19.17, F19.180, F19.181, F19.182, F19.188, F19.19, F19.20, F19.21, F19.220, F19.221, F19.222, F19.229, F19.230, F19.231, F19.232, F19.239, F19.24, F19.250, F19.251, F19.259, F19.26, F19.27, F19.280, F19.281, F19.282, F19.288, F19.29, F19.90, F19.920, F19.921, F19.922, F19.929, F19.930, F19.931, F19.932, F19.939, F19.94, F19.950, F19.951, F19.959, F19.96, F19.97, F19.980, F19.981, F19.982, F19.988, F19.99, 292.0, 292.11, 292.12, 292.2, 292.81, 292.82, 292.83, 292.84, 292.85, 292.89, 292.9, 304.00, 304.01, 304.02, 304.03, 304.10, 304.11, 304.12, 304.13, 304.20, 304.21, 304.22, 304.23, 304.30, 304.31, 304.32, 304.33, 304.40, 304.41, 304.42, 304.43, 304.50, 304.51, 304.52, 304.53, 304.60, 304.61, 304.62, 304.63, 304.70, 304.71, 304.72, 304.73, 304.80, 304.81, 304.82, 304.83, 304.90, 304.91, 304.92, 304.93, 305.20, 305.21, 305.22, 305.23, 305.30, 305.31, 305.32, 305.33, 305.40, 305.41, 305.42, 305.43, 305.50, 305.51, 305.52, 305.53, 305.60, 305.61, 305.62, 305.63, 305.70, 305.71, 305.72, 305.73, 305.80, 305.81, 305.82, 305.83"
22,Diabetes,"E08.00, E08.01, E08.10, E08.11, E08.21, E08.22, E08.29, E08.311, E08.319, E08.3211, E08.3212, E08.3213, E08.3219, E08.3291, E08.3292, E08.3293, E08.3299, E08.3311, E08.3312, E08.3313, E08.3319, E08.3391, E08.3392, E08.3393, E08.3399, E08.3411, E08.3412, E08.3413, E08.3419, E08.3491, E08.3492, E08.3493, E08.3499, E08.3511, E08.3512, E08.3513, E08.3519, E08.3521, E08.3522, E08.3523, E08.3529, E08.3531, E08.3532, E08.3533, E08.3539, E08.3541, E08.3542, E08.3543, E08.3549, E08.3551, E08.3552, E08.3553, E08.3559, E08.3591, E08.3592, E08.3593, E08.3599, E08.36, E08.37X1, E08.37X2, E08.37X3, E08.37X9, E08.39, E08.40, E08.41, E08.42, E08.43, E08.44, E08.49, E08.51, E08.52, E08.59, E08.610, E08.618, E08.620, E08.621, E08.622, E08.628, E08.630, E08.638, E08.641, E08.649, E08.65, E08.69, E08.8, E08.9, E09.00, E09.01, E09.10, E09.11, E09.21, E09.22, E09.29, E09.311, E09.319, E09.3211, E09.3212, E09.3213, E09.3219, E09.3291, E09.3292, E09.3293, E09.3299, E09.3311, E09.3312, E09.3313, E09.3319, E09.3391, E09.3392, E09.3393, E09.3399, E09.3411, E09.3412, E09.3413, E09.3419, E09.3491, E09.3492, E09.3493, E09.3499, E09.3511, E09.3512, E09.3513, E09.3519, E09.3521, E09.3522, E09.3523, E09.3529, E09.3531, E09.3532, E09.3533, E09.3539, E09.3541, E09.3542, E09.3543, E09.3549, E09.3551, E09.3552, E09.3553, E09.3559, E09.3591, E09.3592, E09.3593, E09.3599, E09.36, E09.37X1, E09.37X2, E09.37X3, E09.37X9, E09.39, E09.40, E09.41, E09.42, E09.43, E09.44, E09.49, E09.51, E09.52, E09.59, E09.610, E09.618, E09.620, E09.621, E09.622, E09.628, E09.630, E09.638, E09.641, E09.649, E09.65, E09.69, E09.8, E09.9, E10.10, E10.11, E10.21, E10.22, E10.29, E10.311, E10.319, E10.3211, E10.3212, E10.3213, E10.3219, E10.3291, E10.3292, E10.3293, E10.3299, E10.3311, E10.3312, E10.3313, E10.3319, E10.3391, E10.3392, E10.3393, E10.3399, E10.3411, E10.3412, E10.3413, E10.3419, E10.3491, E10.3492, E10.3493, E10.3499, E10.3511, E10.3512, E10.3513, E10.3519, E10.3521, E10.3522, E10.3523, E10.3529, E10.3531, E10.3532, E10.3533, E10.3539, E10.3541, E10.3542, E10.3543, E10.3549, E10.3551, E10.3552, E10.3553, E10.3559, E10.3591, E10.3592, E10.3593, E10.3599, E10.36, E10.37X1, E10.37X2, E10.37X3, E10.37X9, E10.39, E10.40, E10.41, E10.42, E10.43, E10.44, E10.49, E10.51, E10.52, E10.59, E10.610, E10.618, E10.620, E10.621, E10.622, E10.628, E10.630, E10.638, E10.641, E10.649, E10.65, E10.69, E10.8, E10.9, E11.00, E11.01, E11.10, E11.11, E11.21, E11.22, E11.29, E11.311, E11.319, E11.3211, E11.3212, E11.3213, E11.3219, E11.3291, E11.3292, E11.3293, E11.3299, E11.3311, E11.3312, E11.3313, E11.3319, E11.3391, E11.3392, E11.3393, E11.3399, E11.3411, E11.3412, E11.3413, E11.3419, E11.3491, E11.3492, E11.3493, E11.3499, E11.3511, E11.3512, E11.3513, E11.3519, E11.3521, E11.3522, E11.3523, E11.3529, E11.3531, E11.3532, E11.3533, E11.3539, E11.3541, E11.3542, E11.3543, E11.3549, E11.3551, E11.3552, E11.3553, E11.3559, E11.3591, E11.3592, E11.3593, E11.3599, E11.36, E11.37X1, E11.37X2, E11.37X3, E11.37X9, E11.39, E11.40, E11.41, E11.42, E11.43, E11.44, E11.49, E11.51, E11.52, E11.59, E11.610, E11.618, E11.620, E11.621, E11.622, E11.628, E11.630, E11.638, E11.641, E11.649, E11.65, E11.69, E11.8, E11.9, E13.00, E13.01, E13.10, E13.11, E13.21, E13.22, E13.29, E13.311, E13.319, E13.3211, E13.3212, E13.3213, E13.3219, E13.3291, E13.3292, E13.3293, E13.3299, E13.3311, E13.3312, E13.3313, E13.3319, E13.3391, E13.3392, E13.3393, E13.3399, E13.3411, E13.3412, E13.3413, E13.3419, E13.3491, E13.3492, E13.3493, E13.3499, E13.3511, E13.3512, E13.3513, E13.3519, E13.3521, E13.3522, E13.3523, E13.3529, E13.3531, E13.3532, E13.3533, E13.3539, E13.3541, E13.3542, E13.3543, E13.3549, E13.3551, E13.3552, E13.3553, E13.3559, E13.3591, E13.3592, E13.3593, E13.3599, E13.36, E13.37X1, E13.37X2, E13.37X3, E13.37X9, E13.39, E13.40, E13.41, E13.42, E13.43, E13.44, E13.49, E13.51, E13.52, E13.59, E13.610, E13.618, E13.620, E13.621, E13.622, E13.628, E13.630, E13.638, E13.641, E13.649, E13.65, E13.69, E13.8, E13.9, P70.2, Z46.81, Z96.41, 249.00, 249.01, 249.10, 249.11, 249.20, 249.21, 249.30, 249.31, 249.40, 249.41, 249.50, 249.51, 249.60, 249.61, 249.70, 249.71, 249.80, 249.81, 249.90, 249.91, 250.00, 250.01, 250.02, 250.03, 250.10, 250.11, 250.12, 250.13, 250.20, 250.21, 250.22, 250.23, 250.30, 250.31, 250.32, 250.33, 250.40, 250.41, 250.42, 250.43, 250.50, 250.51, 250.52, 250.53, 250.60, 250.61, 250.62, 250.63, 250.70, 250.71, 250.72, 250.73, 250.80, 250.81, 250.82, 250.83, 250.90, 250.91, 250.92, 250.93, 357.2, 362.01, 362.02, 362.03, 362.04, 362.05, 362.06, 362.07, 775.1, V45.85, V53.91, V65.46"
23,Dyslipidemia,"E78.00, E78.01, E78.1, E78.2, E78.3, E78.41, E78.49, E78.5, 272.0, 272.1, 272.2, 272.3, 272.4"
24,Early childhood adolescence disorder,"F90.0, F90.1, F90.2, F90.8, F90.9, F91.0, F91.1, F91.2, F91.3, F91.8, F91.9, F93.0, F93.8, F93.9, F94.0, F94.1, F94.2, F94.8, F94.9, F95.0, F95.1, F95.2, F95.8, F95.9, F98.0, F98.1, F98.21, F98.29, F98.3, F98.4, F98.8, F98.9, 307.20, 307.21, 307.22, 307.23, 307.3, 307.6, 307.7, 309.21, 309.22, 309.23, 312.00, 312.01, 312.02, 312.03, 312.10, 312.11, 312.12, 312.13, 312.20, 312.21, 312.22, 312.23, 312.4, 312.81, 312.82, 312.89, 312.9, 313.0, 313.1, 313.21, 313.22, 313.23, 313.3, 313.81, 313.82, 313.83, 313.89, 313.9, 314.00, 314.01, 314.1, 314.2, 314.8, 314.9"
25,Eating disorder,"F50.00, F50.01, F50.02, F50.2, F50.81, F50.82, F50.89, F50.9, 307.1, 307.51"
26,Epilepsy,"G40.001, G40.009, G40.011, G40.019, G40.101, G40.109, G40.111, G40.119, G40.201, G40.209, G40.211, G40.219, G40.301, G40.309, G40.311, G40.319, G40.401, G40.409, G40.411, G40.419, G40.42, G40.801, G40.802, G40.803, G40.804, G40.811, G40.812, G40.813, G40.814, G40.821, G40.822, G40.823, G40.824, G40.833, G40.834, G40.901, G40.909, G40.911, G40.919, G40.A01, G40.A09, G40.A11, G40.A19, G40.B01, G40.B09, G40.B11, G40.B19, 345.00, 345.01, 345.10, 345.11, 345.2, 345.3, 345.40, 345.41, 345.50, 345.51, 345.60, 345.61, 345.70, 345.71, 345.80, 345.81, 345.90, 345.91"
27,Extrapyramidal syndrome,"G10, G21.3, G21.4, G21.8, G21.9, G23.0, G23.1, G23.2, G23.8, G23.9, G24.01, G24.1, G24.2, G24.4, G24.5, G24.8, G24.9, G25.0, G25.2, G25.3, G25.5, G25.69, G25.89, G25.9, G26, G71.11, G71.12, G71.13, G71.19, 332.1, 333.0, 333.1, 333.2, 333.3, 333.4, 333.5, 333.6, 333.79, 333.81, 333.82, 333.84, 333.85, 333.89, 333.90, 333.99, 359.21, 359.22, 359.23, 359.29"
28,Fibromyalgia,M79.7
29,Gastroesophageal reflux disease,"K21.00, K21.01, K21.9, 530.11, 530.81"
30,Glaucoma,"H21.82, H40.001, H40.002, H40.003, H40.009, H40.011, H40.012, H40.013, H40.019, H40.021, H40.022, H40.023, H40.029, H40.031, H40.032, H40.033, H40.039, H40.041, H40.042, H40.043, H40.049, H40.051, H40.052, H40.053, H40.059, H40.061, H40.062, H40.063, H40.069, H40.10X0, H40.10X1, H40.10X2, H40.10X3, H40.10X4, H40.1110, H40.1111, H40.1112, H40.1113, H40.1114, H40.1120, H40.1121, H40.1122, H40.1123, H40.1124, H40.1130, H40.1131, H40.1132, H40.1133, H40.1134, H40.1190, H40.1191, H40.1192, H40.1193, H40.1194, H40.1210, H40.1211, H40.1212, H40.1213, H40.1214, H40.1220, H40.1221, H40.1222, H40.1223, H40.1224, H40.1230, H40.1231, H40.1232, H40.1233, H40.1234, H40.1290, H40.1291, H40.1292, H40.1293, H40.1294, H40.1310, H40.1311, H40.1312, H40.1313, H40.1314, H40.1320, H40.1321, H40.1322, H40.1323, H40.1324, H40.1330, H40.1331, H40.1332, H40.1333, H40.1334, H40.1390, H40.1391, H40.1392, H40.1393, H40.1394, H40.1410, H40.1411, H40.1412, H40.1413, H40.1414, H40.1420, H40.1421, H40.1422, H40.1423, H40.1424, H40.1430, H40.1431, H40.1432, H40.1433, H40.1434, H40.1490, H40.1491, H40.1492, H40.1493, H40.1494, H40.151, H40.152, H40.153, H40.159, H40.20X0, H40.20X1, H40.20X2, H40.20X3, H40.20X4, H40.211, H40.212, H40.213, H40.219, H40.2210, H40.2211, H40.2212, H40.2213, H40.2214, H40.2220, H40.2221, H40.2222, H40.2223, H40.2224, H40.2230, H40.2231, H40.2232, H40.2233, H40.2234, H40.2290, H40.2291, H40.2292, H40.2293, H40.2294, H40.231, H40.232, H40.233, H40.239, H40.241, H40.242, H40.243, H40.249, H40.30X0, H40.30X1, H40.30X2, H40.30X3, H40.30X4, H40.31X0, H40.31X1, H40.31X2, H40.31X3, H40.31X4, H40.32X0, H40.32X1, H40.32X2, H40.32X3, H40.32X4, H40.33X0, H40.33X1, H40.33X2, H40.33X3, H40.33X4, H40.40X0, H40.40X1, H40.40X2, H40.40X3, H40.40X4, H40.41X0, H40.41X1, H40.41X2, H40.41X3, H40.41X4, H40.42X0, H40.42X1, H40.42X2, H40.42X3, H40.42X4, H40.43X0, H40.43X1, H40.43X2, H40.43X3, H40.43X4, H40.50X0, H40.50X1, H40.50X2, H40.50X3, H40.50X4, H40.51X0, H40.51X1, H40.51X2, H40.51X3, H40.51X4, H40.52X0, H40.52X1, H40.52X2, H40.52X3, H40.52X4, H40.53X0, H40.53X1, H40.53X2, H40.53X3, H40.53X4, H40.60X0, H40.60X1, H40.60X2, H40.60X3, H40.60X4, H40.61X0, H40.61X1, H40.61X2, H40.61X3, H40.61X4, H40.62X0, H40.62X1, H40.62X2, H40.62X3, H40.62X4, H40.63X0, H40.63X1, H40.63X2, H40.63X3, H40.63X4, H40.811, H40.812, H40.813, H40.819, H40.821, H40.822, H40.823, H40.829, H40.831, H40.832, H40.833, H40.839, H40.89, H40.9, H42, Q15.0, 364.82, 365.00, 365.01, 365.02, 365.03, 365.04, 365.05, 365.06, 365.10, 365.11, 365.12, 365.13, 365.14, 365.15, 365.20, 365.21, 365.22, 365.23, 365.24, 365.31, 365.32, 365.41, 365.42, 365.43, 365.44, 365.51, 365.52, 365.59, 365.60, 365.61, 365.62, 365.63, 365.64, 365.65, 365.70, 365.71, 365.72, 365.73, 365.74, 365.81, 365.82, 365.83, 365.89, 365.9, 743.20, 743.21, 743.22"
31,Gout and other crystal arthropathies,"M10.00, M10.011, M10.012, M10.019, M10.021, M10.022, M10.029, M10.031, M10.032, M10.039, M10.041, M10.042, M10.049, M10.051, M10.052, M10.059, M10.061, M10.062, M10.069, M10.071, M10.072, M10.079, M10.08, M10.09, M10.10, M10.111, M10.112, M10.119, M10.121, M10.122, M10.129, M10.131, M10.132, M10.139, M10.141, M10.142, M10.149, M10.151, M10.152, M10.159, M10.161, M10.162, M10.169, M10.171, M10.172, M10.179, M10.18, M10.19, M10.20, M10.211, M10.212, M10.219, M10.221, M10.222, M10.229, M10.231, M10.232, M10.239, M10.241, M10.242, M10.249, M10.251, M10.252, M10.259, M10.261, M10.262, M10.269, M10.271, M10.272, M10.279, M10.28, M10.29, M10.30, M10.311, M10.312, M10.319, M10.321, M10.322, M10.329, M10.331, M10.332, M10.339, M10.341, M10.342, M10.349, M10.351, M10.352, M10.359, M10.361, M10.362, M10.369, M10.371, M10.372, M10.379, M10.38, M10.39, M10.40, M10.411, M10.412, M10.419, M10.421, M10.422, M10.429, M10.431, M10.432, M10.439, M10.441, M10.442, M10.449, M10.451, M10.452, M10.459, M10.461, M10.462, M10.469, M10.471, M10.472, M10.479, M10.48, M10.49, M10.9, M11.00, M11.011, M11.012, M11.019, M11.021, M11.022, M11.029, M11.031, M11.032, M11.039, M11.041, M11.042, M11.049, M11.051, M11.052, M11.059, M11.061, M11.062, M11.069, M11.071, M11.072, M11.079, M11.08, M11.09, M11.10, M11.111, M11.112, M11.119, M11.121, M11.122, M11.129, M11.131, M11.132, M11.139, M11.141, M11.142, M11.149, M11.151, M11.152, M11.159, M11.161, M11.162, M11.169, M11.171, M11.172, M11.179, M11.18, M11.19, M11.20, M11.211, M11.212, M11.219, M11.221, M11.222, M11.229, M11.231, M11.232, M11.239, M11.241, M11.242, M11.249, M11.251, M11.252, M11.259, M11.261, M11.262, M11.269, M11.271, M11.272, M11.279, M11.28, M11.29, M11.80, M11.811, M11.812, M11.819, M11.821, M11.822, M11.829, M11.831, M11.832, M11.839, M11.841, M11.842, M11.849, M11.851, M11.852, M11.859, M11.861, M11.862, M11.869, M11.871, M11.872, M11.879, M11.88, M11.89, M11.9, M1A.00X0, M1A.00X1, M1A.0110, M1A.0111, M1A.0120, M1A.0121, M1A.0190, M1A.0191, M1A.0210, M1A.0211, M1A.0220, M1A.0221, M1A.0290, M1A.0291, M1A.0310, M1A.0311, M1A.0320, M1A.0321, M1A.0390, M1A.0391, M1A.0410, M1A.0411, M1A.0420, M1A.0421, M1A.0490, M1A.0491, M1A.0510, M1A.0511, M1A.0520, M1A.0521, M1A.0590, M1A.0591, M1A.0610, M1A.0611, M1A.0620, M1A.0621, M1A.0690, M1A.0691, M1A.0710, M1A.0711, M1A.0720, M1A.0721, M1A.0790, M1A.0791, M1A.08X0, M1A.08X1, M1A.09X0, M1A.09X1, M1A.10X0, M1A.10X1, M1A.1110, M1A.1111, M1A.1120, M1A.1121, M1A.1190, M1A.1191, M1A.1210, M1A.1211, M1A.1220, M1A.1221, M1A.1290, M1A.1291, M1A.1310, M1A.1311, M1A.1320, M1A.1321, M1A.1390, M1A.1391, M1A.1410, M1A.1411, M1A.1420, M1A.1421, M1A.1490, M1A.1491, M1A.1510, M1A.1511, M1A.1520, M1A.1521, M1A.1590, M1A.1591, M1A.1610, M1A.1611, M1A.1620, M1A.1621, M1A.1690, M1A.1691, M1A.1710, M1A.1711, M1A.1720, M1A.1721, M1A.1790, M1A.1791, M1A.18X0, M1A.18X1, M1A.19X0, M1A.19X1, M1A.20X0, M1A.20X1, M1A.2110, M1A.2111, M1A.2120, M1A.2121, M1A.2190, M1A.2191, M1A.2210, M1A.2211, M1A.2220, M1A.2221, M1A.2290, M1A.2291, M1A.2310, M1A.2311, M1A.2320, M1A.2321, M1A.2390, M1A.2391, M1A.2410, M1A.2411, M1A.2420, M1A.2421, M1A.2490, M1A.2491, M1A.2510, M1A.2511, M1A.2520, M1A.2521, M1A.2590, M1A.2591, M1A.2610, M1A.2611, M1A.2620, M1A.2621, M1A.2690, M1A.2691, M1A.2710, M1A.2711, M1A.2720, M1A.2721, M1A.2790, M1A.2791, M1A.28X0, M1A.28X1, M1A.29X0, M1A.29X1, M1A.30X0, M1A.30X1, M1A.3110, M1A.3111, M1A.3120, M1A.3121, M1A.3190, M1A.3191, M1A.3210, M1A.3211, M1A.3220, M1A.3221, M1A.3290, M1A.3291, M1A.3310, M1A.3311, M1A.3320, M1A.3321, M1A.3390, M1A.3391, M1A.3410, M1A.3411, M1A.3420, M1A.3421, M1A.3490, M1A.3491, M1A.3510, M1A.3511, M1A.3520, M1A.3521, M1A.3590, M1A.3591, M1A.3610, M1A.3611, M1A.3620, M1A.3621, M1A.3690, M1A.3691, M1A.3710, M1A.3711, M1A.3720, M1A.3721, M1A.3790, M1A.3791, M1A.38X0, M1A.38X1, M1A.39X0, M1A.39X1, M1A.40X0, M1A.40X1, M1A.4110, M1A.4111, M1A.4120, M1A.4121, M1A.4190, M1A.4191, M1A.4210, M1A.4211, M1A.4220, M1A.4221, M1A.4290, M1A.4291, M1A.4310, M1A.4311, M1A.4320, M1A.4321, M1A.4390, M1A.4391, M1A.4410, M1A.4411, M1A.4420, M1A.4421, M1A.4490, M1A.4491, M1A.4510, M1A.4511, M1A.4520, M1A.4521, M1A.4590, M1A.4591, M1A.4610, M1A.4611, M1A.4620, M1A.4621, M1A.4690, M1A.4691, M1A.4710, M1A.4711, M1A.4720, M1A.4721, M1A.4790, M1A.4791, M1A.48X0, M1A.48X1, M1A.49X0, M1A.49X1, M1A.9XX0, M1A.9XX1, 274.00, 274.01, 274.02, 274.03, 274.10, 274.11, 274.19, 274.81, 274.82, 274.89, 274.9, 712.10, 712.11, 712.12, 712.13, 712.14, 712.15, 712.16, 712.17, 712.18, 712.19, 712.20, 712.21, 712.22, 712.23, 712.24, 712.25, 712.26, 712.27, 712.28, 712.29, 712.30, 712.31, 712.32, 712.33, 712.34, 712.35, 712.36, 712.37, 712.38, 712.39, 712.80, 712.81, 712.82, 712.83, 712.84, 712.85, 712.86, 712.87, 712.88, 712.89, 712.90, 712.91, 712.92, 712.93, 712.94, 712.95, 712.96, 712.97, 712.98, 712.99"
32,HIV,"B20, B97.35, Z21, 042, 079.53, V08"
33,Head and neck cancer,"C00.0, C00.1, C00.2, C00.3, C00.4, C00.5, C00.6, C00.8, C00.9, C01, C02.0, C02.1, C02.2, C02.3, C02.4, C02.8, C02.9, C03.0, C03.1, C03.9, C04.0, C04.1, C04.8, C04.9, C05.0, C05.1, C05.2, C05.8, C05.9, C06.0, C06.1, C06.2, C06.80, C06.89, C06.9, C07, C08.0, C08.1, C08.9, C09.0, C09.1, C09.8, C09.9, C10.0, C10.1, C10.2, C10.3, C10.4, C10.8, C10.9, C11.0, C11.1, C11.2, C11.3, C11.8, C11.9, C12, C13.0, C13.1, C13.2, C13.8, C13.9, C14.0, C14.2, C14.8, C30.0, C30.1, C31.0, C31.1, C31.2, C31.3, C31.8, C31.9, C32.0, C32.1, C32.2, C32.3, C32.8, C32.9, C76.0, 140.0, 140.1, 140.3, 140.4, 140.5, 140.6, 140.8, 140.9, 141.0, 141.1, 141.2, 141.3, 141.4, 141.5, 141.6, 141.8, 141.9, 142.0, 142.1, 142.2, 142.8, 142.9, 143.0, 143.1, 143.8, 143.9, 144.0, 144.1, 144.8, 144.9, 145.0, 145.1, 145.2, 145.3, 145.4, 145.5, 145.6, 145.8, 145.9, 146.0, 146.1, 146.2, 146.3, 146.4, 146.5, 146.6, 146.7, 146.8, 146.9, 147.0, 147.1, 147.2, 147.3, 147.8, 147.9, 148.0, 148.1, 148.2, 148.3, 148.8, 148.9, 149.0, 149.1, 149.8, 149.9, 160.0, 160.1, 160.2, 160.3, 160.4, 160.5, 160.8, 160.9, 161.0, 161.1, 161.2, 161.3, 161.8, 161.9, 195.0"
34,Heart failure,"I09.81, I11.0, I13.0, I13.2, I27.0, I27.20, I27.21, I27.22, I27.23, I27.24, I27.29, I27.81, I27.83, I27.89, I27.9, I50.1, I50.20, I50.21, I50.22, I50.23, I50.30, I50.31, I50.32, I50.33, I50.40, I50.41, I50.42, I50.43, I50.810, I50.811, I50.812, I50.813, I50.814, I50.82, I50.83, I50.84, I50.89, I50.9, I97.0, I97.110, I97.111, I97.120, I97.121, I97.130, I97.131, I97.190, I97.191, 398.91, 402.01, 402.11, 402.91, 404.01, 404.03, 404.11, 404.13, 404.91, 404.93, 416.0, 416.8, 416.9, 428.0, 428.1, 428.20, 428.21, 428.22, 428.23, 428.30, 428.31, 428.32, 428.33, 428.40, 428.41, 428.42, 428.43, 428.9, 429.4"
35,Hepatic steatosis,"K70.0, K75.81, K76.0, 571.0, 571.8"
36,Hodgkin's disease,"C81.00, C81.01, C81.02, C81.03, C81.04, C81.05, C81.06, C81.07, C81.08, C81.09, C81.10, C81.11, C81.12, C81.13, C81.14, C81.15, C81.16, C81.17, C81.18, C81.19, C81.20, C81.21, C81.22, C81.23, C81.24, C81.25, C81.26, C81.27, C81.28, C81.29, C81.30, C81.31, C81.32, C81.33, C81.34, C81.35, C81.36, C81.37, C81.38, C81.39, C81.40, C81.41, C81.42, C81.43, C81.44, C81.45, C81.46, C81.47, C81.48, C81.49, C81.70, C81.71, C81.72, C81.73, C81.74, C81.75, C81.76, C81.77, C81.78, C81.79, C81.90, C81.91, C81.92, C81.93, C81.94, C81.95, C81.96, C81.97, C81.98, C81.99, 201.00, 201.01, 201.02, 201.03, 201.04, 201.05, 201.06, 201.07, 201.08, 201.10, 201.11, 201.12, 201.13, 201.14, 201.15, 201.16, 201.17, 201.18, 201.20, 201.21, 201.22, 201.23, 201.24, 201.25, 201.26, 201.27, 201.28, 201.40, 201.41, 201.42, 201.43, 201.44, 201.45, 201.46, 201.47, 201.48, 201.50, 201.51, 201.52, 201.53, 201.54, 201.55, 201.56, 201.57, 201.58, 201.60, 201.61, 201.62, 201.63, 201.64, 201.65, 201.66, 201.67, 201.68, 201.70, 201.71, 201.72, 201.73, 201.74, 201.75, 201.76, 201.77, 201.78, 201.90, 201.91, 201.92, 201.93, 201.94, 201.95, 201.96, 201.97, 201.98"
37,Hypertension,"I10, I11.0, I11.9, I12.0, I12.9, I13.0, I13.10, I13.11, I13.2, I15.0, I15.1, I15.2, I15.8, I15.9, I67.4, 401.0, 401.1, 401.9, 402.00, 402.01, 402.10, 402.11, 402.90, 402.91, 403.00, 403.01, 403.10, 403.11, 403.90, 403.91, 404.00, 404.01, 404.02, 404.03, 404.10, 404.11, 404.12, 404.13, 404.90, 404.91, 404.92, 404.93, 405.01, 405.09, 405.11, 405.19, 405.91, 405.99, 437.2"
38,Hypothyroidism,"E00.0, E00.1, E00.2, E00.9, E01.8, E02, E03.0, E03.1, E03.2, E03.3, E03.4, E03.5, E03.8, E03.9, E07.1, E89.0, 243, 244.0, 244.1, 244.2, 244.3, 244.8, 244.9, 246.1, 246.8"
39,Ill-defined and other cerebrovascular disease,"G46.7, G46.8, I67.1, I67.2, I67.5, I67.7, I67.850, I67.858, I67.89, I67.9, I68.0, I68.2, I68.8, 437.0, 437.1, 437.3, 437.4, 437.5, 437.9"
40,Immunoproliferative cancer,"C88.0, C88.2, C88.3, C88.8, C88.9, C90.00, C90.01, C90.02, C90.20, C90.21, C90.22, C90.30, C90.31, C90.32, 203.00, 203.01, 203.02, 203.80, 203.81, 203.82"
41,Intellectual disability,"F70, F71, F72, F73, F78, F79, 317, 318.0, 318.1, 318.2, 319"
42,Intraabdominal arteriopathy,"I70.1, K55.1, K55.8, K55.9, 440.1, 557.1, 557.9"
43,Ischemic heart disease,"I23.1, I23.2, I23.3, I23.4, I23.5, I23.6, I23.7, I23.8, I25.10, I25.110, I25.111, I25.118, I25.119, I25.2, I25.3, I25.41, I25.42, I25.5, I25.6, I25.700, I25.701, I25.708, I25.709, I25.710, I25.711, I25.718, I25.719, I25.720, I25.721, I25.728, I25.729, I25.730, I25.731, I25.738, I25.739, I25.750, I25.751, I25.758, I25.759, I25.760, I25.761, I25.768, I25.769, I25.790, I25.791, I25.798, I25.799, I25.810, I25.811, I25.812, I25.82, I25.83, I25.84, I25.89, I25.9, T82.211A, T82.211D, T82.211S, T82.212A, T82.212D, T82.212S, T82.213A, T82.213D, T82.213S, T82.218A, T82.218D, T82.218S, T82.855A, T82.855D, 412, 414.00, 414.01, 414.02, 414.03, 414.04, 414.05, 414.06, 414.07, 414.10, 414.11, 414.12, 414.19, 414.2, 414.3, 414.4, 414.8, 414.9, 429.79, 996.03"
44,Kaposi's sarcoma,"C46.0, C46.1, C46.2, C46.3, C46.4, C46.50, C46.51, C46.52, C46.7, C46.9, 176.0, 176.1, 176.2, 176.3, 176.4, 176.5, 176.8, 176.9"
45,Kidney and renal pelvis cancer,"C64.1, C64.2, C64.9, C65.1, C65.2, C65.9, C7A.093, 189.0, 189.1, 209.24"
46,Leukemia,"C90.10, C90.11, C90.12, C91.00, C91.01, C91.02, C91.10, C91.11, C91.12, C91.30, C91.31, C91.32, C91.40, C91.41, C91.42, C91.50, C91.51, C91.52, C91.60, C91.61, C91.62, C91.90, C91.91, C91.92, C91.A0, C91.A1, C91.A2, C91.Z0, C91.Z1, C91.Z2, C92.00, C92.01, C92.02, C92.10, C92.11, C92.12, C92.20, C92.21, C92.22, C92.30, C92.31, C92.32, C92.40, C92.41, C92.42, C92.50, C92.51, C92.52, C92.60, C92.61, C92.62, C92.90, C92.91, C92.92, C92.A0, C92.A1, C92.A2, C92.Z0, C92.Z1, C92.Z2, C93.00, C93.01, C93.02, C93.10, C93.11, C93.12, C93.30, C93.31, C93.32, C93.90, C93.91, C93.92, C93.Z0, C93.Z1, C93.Z2, C94.00, C94.01, C94.02, C94.20, C94.21, C94.22, C94.30, C94.31, C94.32, C94.40, C94.41, C94.42, C94.6, C94.80, C94.81, C94.82, C95.00, C95.01, C95.02, C95.10, C95.11, C95.12, C95.90, C95.91, C95.92, 202.40, 202.41, 202.42, 202.43, 202.44, 202.45, 202.46, 202.47, 202.48, 203.10, 203.11, 203.12, 204.00, 204.01, 204.02, 204.10, 204.11, 204.12, 204.20, 204.21, 204.22, 204.80, 204.81, 204.82, 204.90, 204.91, 204.92, 205.00, 205.01, 205.02, 205.10, 205.11, 205.12, 205.20, 205.21, 205.22, 205.30, 205.31, 205.32, 205.80, 205.81, 205.82, 205.90, 205.91, 205.92, 206.00, 206.01, 206.02, 206.10, 206.11, 206.12, 206.20, 206.21, 206.22, 206.80, 206.81, 206.82, 206.90, 206.91, 206.92, 207.00, 207.01, 207.02, 207.10, 207.11, 207.12, 207.20, 207.21, 207.22, 207.80, 207.81, 207.82, 208.00, 208.01, 208.02, 208.10, 208.11, 208.12, 208.20, 208.21, 208.22, 208.80, 208.81, 208.82, 208.90, 208.91, 208.92"
47,Limb arteriopathy,"E08.51, E08.52, E08.59, E09.51, E09.52, E09.59, E10.51, E10.52, E10.59, E11.51, E11.52, E11.59, E13.51, E13.52, E13.59, I70.0, I70.201, I70.202, I70.203, I70.208, I70.209, I70.211, I70.212, I70.213, I70.218, I70.219, I70.221, I70.222, I70.223, I70.228, I70.229, I70.231, I70.232, I70.233, I70.234, I70.235, I70.238, I70.239, I70.241, I70.242, I70.243, I70.244, I70.245, I70.248, I70.249, I70.25, I70.261, I70.262, I70.263, I70.268, I70.269, I70.291, I70.292, I70.293, I70.298, I70.299, I70.301, I70.302, I70.303, I70.308, I70.309, I70.311, I70.312, I70.313, I70.318, I70.319, I70.321, I70.322, I70.323, I70.328, I70.329, I70.331, I70.332, I70.333, I70.334, I70.335, I70.338, I70.339, I70.341, I70.342, I70.343, I70.344, I70.345, I70.348, I70.349, I70.35, I70.361, I70.362, I70.363, I70.368, I70.369, I70.391, I70.392, I70.393, I70.398, I70.399, I70.401, I70.402, I70.403, I70.408, I70.409, I70.411, I70.412, I70.413, I70.418, I70.419, I70.421, I70.422, I70.423, I70.428, I70.429, I70.431, I70.432, I70.433, I70.434, I70.435, I70.438, I70.439, I70.441, I70.442, I70.443, I70.444, I70.445, I70.448, I70.449, I70.45, I70.461, I70.462, I70.463, I70.468, I70.469, I70.491, I70.492, I70.493, I70.498, I70.499, I70.501, I70.502, I70.503, I70.508, I70.509, I70.511, I70.512, I70.513, I70.518, I70.519, I70.521, I70.522, I70.523, I70.528, I70.529, I70.531, I70.532, I70.533, I70.534, I70.535, I70.538, I70.539, I70.541, I70.542, I70.543, I70.544, I70.545, I70.548, I70.549, I70.55, I70.561, I70.562, I70.563, I70.568, I70.569, I70.591, I70.592, I70.593, I70.598, I70.599, I70.601, I70.602, I70.603, I70.608, I70.609, I70.611, I70.612, I70.613, I70.618, I70.619, I70.621, I70.622, I70.623, I70.628, I70.629, I70.631, I70.632, I70.633, I70.634, I70.635, I70.638, I70.639, I70.641, I70.642, I70.643, I70.644, I70.645, I70.648, I70.649, I70.65, I70.661, I70.662, I70.663, I70.668, I70.669, I70.691, I70.692, I70.693, I70.698, I70.699, I70.701, I70.702, I70.703, I70.708, I70.709, I70.711, I70.712, I70.713, I70.718, I70.719, I70.721, I70.722, I70.723, I70.728, I70.729, I70.731, I70.732, I70.733, I70.734, I70.735, I70.738, I70.739, I70.741, I70.742, I70.743, I70.744, I70.745, I70.748, I70.749, I70.75, I70.761, I70.762, I70.763, I70.768, I70.769, I70.791, I70.792, I70.793, I70.798, I70.799, I70.8, I70.90, I70.91, I70.92, I73.00, I73.01, I73.1, I73.89, I73.9, 249.70, 249.71, 250.70, 250.71, 250.72, 250.73, 440.0, 440.20, 440.21, 440.22, 440.23, 440.24, 440.29, 440.30, 440.31, 440.32, 440.4, 440.8, 440.9, 443.0, 443.1, 443.89, 443.9"
48,Liver and biliary tract cancer,"C22.0, C22.1, C22.2, C22.3, C22.4, C22.7, C22.8, C22.9, C23, C24.0, C24.1, C24.8, C24.9, D01.5, 155.0, 155.1, 155.2, 156.0, 156.1, 156.2, 156.8, 156.9, 230.8"
49,Liver cirrhosis,"K70.2, K70.30, K70.31, K71.7, K74.00, K74.01, K74.02, K74.3, K74.4, K74.5, K74.60, K74.69, 571.2, 571.5, 571.6"
50,Malabsorption syndrome and food intolerance,"E73.0, E73.1, E73.8, E73.9, E74.10, E74.12, E74.31, E74.39, K90.0, K90.1, K90.2, K90.3, K90.41, K90.49, K90.81, K90.89, K90.9, K91.2, 040.2, 271.2, 271.3, 579.0, 579.1, 579.2, 579.3, 579.4, 579.8, 579.9"
51,Mood disorder,"F10.14, F10.24, F10.94, F11.14, F11.24, F11.94, F13.14, F13.24, F13.94, F14.14, F14.24, F14.94, F15.14, F15.24, F15.94, F16.14, F16.24, F16.94, F18.14, F18.24, F18.94, F19.14, F19.24, F19.94, F30.10, F30.11, F30.12, F30.13, F30.2, F30.3, F30.4, F30.8, F30.9, F31.0, F31.10, F31.11, F31.12, F31.13, F31.2, F31.30, F31.31, F31.32, F31.4, F31.5, F31.60, F31.61, F31.62, F31.63, F31.64, F31.70, F31.71, F31.72, F31.73, F31.74, F31.75, F31.76, F31.77, F31.78, F31.81, F31.89, F31.9, F32.0, F32.1, F32.2, F32.3, F32.4, F32.5, F32.81, F32.89, F32.9, F33.0, F33.1, F33.2, F33.3, F33.40, F33.41, F33.42, F33.8, F33.9, F34.0, F34.1, F34.81, F34.89, F34.9, F39, 292.84, 296.00, 296.01, 296.02, 296.03, 296.04, 296.05, 296.06, 296.10, 296.11, 296.12, 296.13, 296.14, 296.15, 296.16, 296.20, 296.21, 296.22, 296.23, 296.24, 296.25, 296.26, 296.30, 296.31, 296.32, 296.33, 296.34, 296.35, 296.36, 296.40, 296.41, 296.42, 296.43, 296.44, 296.45, 296.46, 296.50, 296.51, 296.52, 296.53, 296.54, 296.55, 296.56, 296.60, 296.61, 296.62, 296.63, 296.64, 296.65, 296.66, 296.7, 296.80, 296.81, 296.82, 296.89, 296.90, 296.99, 298.0, 301.12, 301.13, 311"
52,Neurological disease with motor deficit not stroke,"E08.40, E08.41, E08.42, E08.43, E08.44, E08.49, E09.40, E09.41, E09.42, E09.43, E09.44, E09.49, E10.40, E10.41, E10.42, E10.43, E10.44, E10.49, E11.40, E11.41, E11.42, E11.43, E11.44, E11.49, E13.40, E13.41, E13.42, E13.43, E13.44, E13.49, E75.00, E75.01, E75.02, E75.09, E75.10, E75.11, E75.19, E75.23, E75.25, E75.29, E75.4, G04.1, G11.0, G11.10, G11.11, G11.19, G11.2, G11.3, G11.4, G11.8, G11.9, G12.0, G12.1, G12.20, G12.21, G12.22, G12.23, G12.24, G12.25, G12.29, G12.8, G12.9, G13.0, G13.1, G13.2, G13.8, G31.2, G31.81, G31.82, G31.85, G31.89, G31.9, G32.0, G32.81, G32.89, G35, G36.0, G36.1, G36.8, G37.0, G37.1, G37.2, G37.4, G37.5, G37.8, G37.9, G60.1, G60.3, G60.8, G60.9, G61.81, G61.82, G61.89, G61.9, G62.1, G62.2, G62.81, G62.82, G62.89, G62.9, G63, G65.0, G65.1, G65.2, G70.00, G70.01, G70.2, G70.80, G70.81, G70.89, G70.9, G71.00, G71.01, G71.02, G71.09, G71.20, G71.21, G71.220, G71.228, G71.29, G71.3, G71.8, G71.9, G72.1, G72.2, G72.3, G72.41, G72.49, G72.81, G72.89, G72.9, G73.1, G73.3, G73.7, G80.0, G80.1, G80.2, G80.3, G80.4, G80.8, G80.9, G81.00, G81.01, G81.02, G81.03, G81.04, G81.10, G81.11, G81.12, G81.13, G81.14, G81.90, G81.91, G81.92, G81.93, G81.94, G82.20, G82.21, G82.22, G82.50, G82.51, G82.52, G82.53, G82.54, G83.0, G83.10, G83.11, G83.12, G83.13, G83.14, G83.20, G83.21, G83.22, G83.23, G83.24, G83.30, G83.31, G83.32, G83.33, G83.34, G83.4, G83.5, G83.81, G83.82, G83.83, G83.89, G83.9, G90.09, G90.1, G90.3, G90.4, G90.50, G90.511, G90.512, G90.513, G90.519, G90.521, G90.522, G90.523, G90.529, G90.59, G90.8, G90.9, G91.2, G91.4, G93.7, G93.89, G94, G95.0, G95.20, G95.29, G95.81, G95.89, G95.9, G99.0, G99.2, Q07.8, Q07.9, 249.60, 249.61, 250.60, 250.61, 250.62, 250.63, 330.0, 330.1, 330.2, 330.3, 330.8, 330.9, 331.5, 331.6, 331.7, 331.81, 331.89, 331.9, 333.71, 334.0, 334.1, 334.2, 334.3, 334.4, 334.8, 334.9, 335.0, 335.10, 335.11, 335.19, 335.20, 335.21, 335.22, 335.23, 335.24, 335.29, 335.8, 335.9, 336.0, 336.2, 336.3, 336.8, 336.9, 337.00, 337.09, 337.1, 337.20, 337.21, 337.22, 337.29, 337.3, 337.9, 340, 341.0, 341.1, 341.22, 341.8, 341.9, 342.00, 342.01, 342.02, 342.10, 342.11, 342.12, 342.80, 342.81, 342.82, 342.90, 342.91, 342.92, 343.0, 343.1, 343.2, 343.3, 343.4, 343.8, 343.9, 344.00, 344.01, 344.02, 344.03, 344.04, 344.09, 344.1, 344.2, 344.30, 344.31, 344.32, 344.40, 344.41, 344.42, 344.5, 344.60, 344.61, 344.81, 344.89, 344.9, 348.89, 348.9, 356.3, 356.4, 356.8, 356.9, 357.2, 357.3, 357.4, 357.5, 357.7, 357.81, 357.82, 357.89, 357.9, 358.00, 358.01, 358.1, 358.30, 358.31, 358.39, 358.8, 358.9, 359.0, 359.1, 359.3, 359.5, 359.6, 359.71, 359.79, 359.81, 359.89, 359.9, 742.8"
53,Non-Hodgkin lymphoma,"C82.00, C82.01, C82.02, C82.03, C82.04, C82.05, C82.06, C82.07, C82.08, C82.09, C82.10, C82.11, C82.12, C82.13, C82.14, C82.15, C82.16, C82.17, C82.18, C82.19, C82.20, C82.21, C82.22, C82.23, C82.24, C82.25, C82.26, C82.27, C82.28, C82.29, C82.30, C82.31, C82.32, C82.33, C82.34, C82.35, C82.36, C82.37, C82.38, C82.39, C82.40, C82.41, C82.42, C82.43, C82.44, C82.45, C82.46, C82.47, C82.48, C82.49, C82.50, C82.51, C82.52, C82.53, C82.54, C82.55, C82.56, C82.57, C82.58, C82.59, C82.60, C82.61, C82.62, C82.63, C82.64, C82.65, C82.66, C82.67, C82.68, C82.69, C82.80, C82.81, C82.82, C82.83, C82.84, C82.85, C82.86, C82.87, C82.88, C82.89, C82.90, C82.91, C82.92, C82.93, C82.94, C82.95, C82.96, C82.97, C82.98, C82.99, C83.00, C83.01, C83.02, C83.03, C83.04, C83.05, C83.06, C83.07, C83.08, C83.09, C83.10, C83.11, C83.12, C83.13, C83.14, C83.15, C83.16, C83.17, C83.18, C83.19, C83.30, C83.31, C83.32, C83.33, C83.34, C83.35, C83.36, C83.37, C83.38, C83.39, C83.50, C83.51, C83.52, C83.53, C83.54, C83.55, C83.56, C83.57, C83.58, C83.59, C83.70, C83.71, C83.72, C83.73, C83.74, C83.75, C83.76, C83.77, C83.78, C83.79, C83.80, C83.81, C83.82, C83.83, C83.84, C83.85, C83.86, C83.87, C83.88, C83.89, C83.90, C83.91, C83.92, C83.93, C83.94, C83.95, C83.96, C83.97, C83.98, C83.99, C84.00, C84.01, C84.02, C84.03, C84.04, C84.05, C84.06, C84.07, C84.08, C84.09, C84.10, C84.11, C84.12, C84.13, C84.14, C84.15, C84.16, C84.17, C84.18, C84.19, C84.40, C84.41, C84.42, C84.43, C84.44, C84.45, C84.46, C84.47, C84.48, C84.49, C84.60, C84.61, C84.62, C84.63, C84.64, C84.65, C84.66, C84.67, C84.68, C84.69, C84.70, C84.71, C84.72, C84.73, C84.74, C84.75, C84.76, C84.77, C84.78, C84.79, C84.90, C84.91, C84.92, C84.93, C84.94, C84.95, C84.96, C84.97, C84.98, C84.99, C84.A0, C84.A1, C84.A2, C84.A3, C84.A4, C84.A5, C84.A6, C84.A7, C84.A8, C84.A9, C84.Z0, C84.Z1, C84.Z2, C84.Z3, C84.Z4, C84.Z5, C84.Z6, C84.Z7, C84.Z8, C84.Z9, C85.10, C85.11, C85.12, C85.13, C85.14, C85.15, C85.16, C85.17, C85.18, C85.19, C85.20, C85.21, C85.22, C85.23, C85.24, C85.25, C85.26, C85.27, C85.28, C85.29, C85.80, C85.81, C85.82, C85.83, C85.84, C85.85, C85.86, C85.87, C85.88, C85.89, C85.90, C85.91, C85.92, C85.93, C85.94, C85.95, C85.96, C85.97, C85.98, C85.99, C86.0, C86.1, C86.2, C86.3, C86.4, C86.5, C86.6, C88.4, C96.4, C96.9, C96.Z, 200.00, 200.01, 200.02, 200.03, 200.04, 200.05, 200.06, 200.07, 200.08, 200.10, 200.11, 200.12, 200.13, 200.14, 200.15, 200.16, 200.17, 200.18, 200.20, 200.21, 200.22, 200.23, 200.24, 200.25, 200.26, 200.27, 200.28, 200.30, 200.31, 200.32, 200.33, 200.34, 200.35, 200.36, 200.37, 200.38, 200.40, 200.41, 200.42, 200.43, 200.44, 200.45, 200.46, 200.47, 200.48, 200.50, 200.51, 200.52, 200.53, 200.54, 200.55, 200.56, 200.57, 200.58, 200.60, 200.61, 200.62, 200.63, 200.64, 200.65, 200.66, 200.67, 200.68, 200.70, 200.71, 200.72, 200.73, 200.74, 200.75, 200.76, 200.77, 200.78, 200.80, 200.81, 200.82, 200.83, 200.84, 200.85, 200.86, 200.87, 200.88, 202.00, 202.01, 202.02, 202.03, 202.04, 202.05, 202.06, 202.07, 202.08, 202.10, 202.11, 202.12, 202.13, 202.14, 202.15, 202.16, 202.17, 202.18, 202.20, 202.21, 202.22, 202.23, 202.24, 202.25, 202.26, 202.27, 202.28, 202.70, 202.71, 202.72, 202.73, 202.74, 202.75, 202.76, 202.77, 202.78, 202.80, 202.81, 202.82, 202.83, 202.84, 202.85, 202.86, 202.87, 202.88, 202.90, 202.91, 202.92, 202.93, 202.94, 202.95, 202.96, 202.97, 202.98"
54,Obesity,"E66.01, E66.09, E66.1, E66.2, E66.8, E66.9, Z68.30, Z68.31, Z68.32, Z68.33, Z68.34, Z68.35, Z68.36, Z68.37, Z68.38, Z68.39, Z68.41, Z68.42, Z68.43, Z68.44, Z68.45, Z68.54, 278.00, 278.01, 278.03, V85.30, V85.31, V85.32, V85.33, V85.34, V85.35, V85.36, V85.37, V85.38, V85.39, V85.41, V85.42, V85.43, V85.44, V85.45, V85.54"
55,Occlusion or stenosis of precerebral arteries,"I65.01, I65.02, I65.03, I65.09, I65.1, I65.21, I65.22, I65.23, I65.29, I65.8, I65.9, 433.00, 433.10, 433.20, 433.30, 433.80, 433.90"
56,"Osteoarthritis, spondylosis","M15.0, M15.1, M15.2, M15.3, M15.4, M15.8, M15.9, M16.0, M16.10, M16.11, M16.12, M16.2, M16.30, M16.31, M16.32, M16.4, M16.50, M16.51, M16.52, M16.6, M16.7, M16.9, M17.0, M17.10, M17.11, M17.12, M17.2, M17.30, M17.31, M17.32, M17.4, M17.5, M17.9, M18.0, M18.10, M18.11, M18.12, M18.2, M18.30, M18.31, M18.32, M18.4, M18.50, M18.51, M18.52, M18.9, M19.011, M19.012, M19.019, M19.021, M19.022, M19.029, M19.031, M19.032, M19.039, M19.041, M19.042, M19.049, M19.071, M19.072, M19.079, M19.09, M19.111, M19.112, M19.119, M19.121, M19.122, M19.129, M19.131, M19.132, M19.139, M19.141, M19.142, M19.149, M19.171, M19.172, M19.179, M19.19, M19.211, M19.212, M19.219, M19.221, M19.222, M19.229, M19.231, M19.232, M19.239, M19.241, M19.242, M19.249, M19.271, M19.272, M19.279, M19.29, M19.90, M19.91, M19.92, M19.93, M47.011, M47.012, M47.013, M47.014, M47.015, M47.016, M47.019, M47.021, M47.022, M47.029, M47.10, M47.11, M47.12, M47.13, M47.14, M47.15, M47.16, M47.20, M47.21, M47.22, M47.23, M47.24, M47.25, M47.26, M47.27, M47.28, M47.811, M47.812, M47.813, M47.814, M47.815, M47.816, M47.817, M47.818, M47.819, M47.891, M47.892, M47.893, M47.894, M47.895, M47.896, M47.897, M47.898, M47.899, M47.9, 715.00, 715.04, 715.09, 715.10, 715.11, 715.12, 715.13, 715.14, 715.15, 715.16, 715.17, 715.18, 715.20, 715.21, 715.22, 715.23, 715.24, 715.25, 715.26, 715.27, 715.28, 715.30, 715.31, 715.32, 715.33, 715.34, 715.35, 715.36, 715.37, 715.38, 715.80, 715.89, 715.90, 715.91, 715.92, 715.93, 715.94, 715.95, 715.96, 715.97, 715.98, 721.0, 721.1, 721.2, 721.3, 721.41, 721.42, 721.90, 721.91"
57,Osteoporosis,"M80.00XA, M80.00XD, M80.00XG, M80.00XK, M80.00XP, M80.00XS, M80.011A, M80.011D, M80.011G, M80.011K, M80.011P, M80.011S, M80.012A, M80.012D, M80.012G, M80.012K, M80.012P, M80.012S, M80.019A, M80.019D, M80.019G, M80.019K, M80.019P, M80.019S, M80.021A, M80.021D, M80.021G, M80.021K, M80.021P, M80.021S, M80.022A, M80.022D, M80.022G, M80.022K, M80.022P, M80.022S, M80.029A, M80.029D, M80.029G, M80.029K, M80.029P, M80.029S, M80.031A, M80.031D, M80.031G, M80.031K, M80.031P, M80.031S, M80.032A, M80.032D, M80.032G, M80.032K, M80.032P, M80.032S, M80.039A, M80.039D, M80.039G, M80.039K, M80.039P, M80.039S, M80.041A, M80.041D, M80.041G, M80.041K, M80.041P, M80.041S, M80.042A, M80.042D, M80.042G, M80.042K, M80.042P, M80.042S, M80.049A, M80.049D, M80.049G, M80.049K, M80.049P, M80.049S, M80.051A, M80.051D, M80.051G, M80.051K, M80.051P, M80.051S, M80.052A, M80.052D, M80.052G, M80.052K, M80.052P, M80.052S, M80.059A, M80.059D, M80.059G, M80.059K, M80.059P, M80.059S, M80.061A, M80.061D, M80.061G, M80.061K, M80.061P, M80.061S, M80.062A, M80.062D, M80.062G, M80.062K, M80.062P, M80.062S, M80.069A, M80.069D, M80.069G, M80.069K, M80.069P, M80.069S, M80.071A, M80.071D, M80.071G, M80.071K, M80.071P, M80.071S, M80.072A, M80.072D, M80.072G, M80.072K, M80.072P, M80.072S, M80.079A, M80.079D, M80.079G, M80.079K, M80.079P, M80.079S, M80.08XA, M80.08XD, M80.08XG, M80.08XK, M80.08XP, M80.08XS, M80.0AXA, M80.0AXD, M80.0AXG, M80.0AXK, M80.0AXP, M80.0AXS, M80.80XA, M80.80XD, M80.80XG, M80.80XK, M80.80XP, M80.80XS, M80.811A, M80.811D, M80.811G, M80.811K, M80.811P, M80.811S, M80.812A, M80.812D, M80.812G, M80.812K, M80.812P, M80.812S, M80.819A, M80.819D, M80.819G, M80.819K, M80.819P, M80.819S, M80.821A, M80.821D, M80.821G, M80.821K, M80.821P, M80.821S, M80.822A, M80.822D, M80.822G, M80.822K, M80.822P, M80.822S, M80.829A, M80.829D, M80.829G, M80.829K, M80.829P, M80.829S, M80.831A, M80.831D, M80.831G, M80.831K, M80.831P, M80.831S, M80.832A, M80.832D, M80.832G, M80.832K, M80.832P, M80.832S, M80.839A, M80.839D, M80.839G, M80.839K, M80.839P, M80.839S, M80.841A, M80.841D, M80.841G, M80.841K, M80.841P, M80.841S, M80.842A, M80.842D, M80.842G, M80.842K, M80.842P, M80.842S, M80.849A, M80.849D, M80.849G, M80.849K, M80.849P, M80.849S, M80.851A, M80.851D, M80.851G, M80.851K, M80.851P, M80.851S, M80.852A, M80.852D, M80.852G, M80.852K, M80.852P, M80.852S, M80.859A, M80.859D, M80.859G, M80.859K, M80.859P, M80.859S, M80.861A, M80.861D, M80.861G, M80.861K, M80.861P, M80.861S, M80.862A, M80.862D, M80.862G, M80.862K, M80.862P, M80.862S, M80.869A, M80.869D, M80.869G, M80.869K, M80.869P, M80.869S, M80.871A, M80.871D, M80.871G, M80.871K, M80.871P, M80.871S, M80.872A, M80.872D, M80.872G, M80.872K, M80.872P, M80.872S, M80.879A, M80.879D, M80.879G, M80.879K, M80.879P, M80.879S, M80.88XA, M80.88XD, M80.88XG, M80.88XK, M80.88XP, M80.88XS, M80.8AXA, M80.8AXD, M80.8AXG, M80.8AXK, M80.8AXP, M80.8AXS, M81.0, M81.6, M81.8, 733.00, 733.01, 733.02, 733.03, 733.09"
58,Other arthropathy,"A52.16, E08.610, E08.618, E09.610, E09.618, E10.610, E10.618, E11.610, E11.618, E13.610, E13.618, L40.50, L40.51, L40.52, L40.53, L40.54, L40.59, M02.00, M02.011, M02.012, M02.019, M02.021, M02.022, M02.029, M02.031, M02.032, M02.039, M02.041, M02.042, M02.049, M02.051, M02.052, M02.059, M02.061, M02.062, M02.069, M02.071, M02.072, M02.079, M02.08, M02.09, M02.20, M02.211, M02.212, M02.219, M02.221, M02.222, M02.229, M02.231, M02.232, M02.239, M02.241, M02.242, M02.249, M02.251, M02.252, M02.259, M02.261, M02.262, M02.269, M02.271, M02.272, M02.279, M02.28, M02.29, M07.60, M07.611, M07.612, M07.619, M07.621, M07.622, M07.629, M07.631, M07.632, M07.639, M07.641, M07.642, M07.649, M07.651, M07.652, M07.659, M07.661, M07.662, M07.669, M07.671, M07.672, M07.679, M07.68, M07.69, M12.10, M12.111, M12.112, M12.119, M12.121, M12.122, M12.129, M12.131, M12.132, M12.139, M12.141, M12.142, M12.149, M12.151, M12.152, M12.159, M12.161, M12.162, M12.169, M12.171, M12.172, M12.179, M12.18, M12.19, M12.20, M12.211, M12.212, M12.219, M12.221, M12.222, M12.229, M12.231, M12.232, M12.239, M12.241, M12.242, M12.249, M12.251, M12.252, M12.259, M12.261, M12.262, M12.269, M12.271, M12.272, M12.279, M12.28, M12.29, M12.30, M12.311, M12.312, M12.319, M12.321, M12.322, M12.329, M12.331, M12.332, M12.339, M12.341, M12.342, M12.349, M12.351, M12.352, M12.359, M12.361, M12.362, M12.369, M12.371, M12.372, M12.379, M12.38, M12.39, M12.40, M12.411, M12.412, M12.419, M12.421, M12.422, M12.429, M12.431, M12.432, M12.439, M12.441, M12.442, M12.449, M12.451, M12.452, M12.459, M12.461, M12.462, M12.469, M12.471, M12.472, M12.479, M12.48, M12.49, M12.80, M12.811, M12.812, M12.819, M12.821, M12.822, M12.829, M12.831, M12.832, M12.839, M12.841, M12.842, M12.849, M12.851, M12.852, M12.859, M12.861, M12.862, M12.869, M12.871, M12.872, M12.879, M12.88, M12.89, M13.0, M13.10, M13.111, M13.112, M13.119, M13.121, M13.122, M13.129, M13.131, M13.132, M13.139, M13.141, M13.142, M13.149, M13.151, M13.152, M13.159, M13.161, M13.162, M13.169, M13.171, M13.172, M13.179, M13.80, M13.811, M13.812, M13.819, M13.821, M13.822, M13.829, M13.831, M13.832, M13.839, M13.841, M13.842, M13.849, M13.851, M13.852, M13.859, M13.861, M13.862, M13.869, M13.871, M13.872, M13.879, M13.88, M13.89, M14.60, M14.611, M14.612, M14.619, M14.621, M14.622, M14.629, M14.631, M14.632, M14.639, M14.641, M14.642, M14.649, M14.651, M14.652, M14.659, M14.661, M14.662, M14.669, M14.671, M14.672, M14.679, M14.68, M14.69, M14.80, M14.811, M14.812, M14.819, M14.821, M14.822, M14.829, M14.831, M14.832, M14.839, M14.841, M14.842, M14.849, M14.851, M14.852, M14.859, M14.861, M14.862, M14.869, M14.871, M14.872, M14.879, M14.88, M14.89, M25.00, M25.011, M25.012, M25.019, M25.021, M25.022, M25.029, M25.031, M25.032, M25.039, M25.041, M25.042, M25.049, M25.051, M25.052, M25.059, M25.061, M25.062, M25.069, M25.071, M25.072, M25.073, M25.074, M25.075, M25.076, M25.08, M36.1, M36.2, M36.3, M36.4, M46.1, M46.80, M46.81, M46.82, M46.83, M46.84, M46.85, M46.86, M46.87, M46.88, M46.89, M46.90, M46.91, M46.92, M46.93, M46.94, M46.95, M46.96, M46.97, M46.98, M46.99, M48.10, M48.11, M48.12, M48.13, M48.14, M48.15, M48.16, M48.17, M48.18, M48.19, 696.0, 713.0, 713.1, 713.2, 713.3, 713.4, 713.5, 713.6, 713.8, 716.00, 716.01, 716.02, 716.03, 716.04, 716.05, 716.06, 716.07, 716.08, 716.09, 716.20, 716.21, 716.22, 716.23, 716.24, 716.25, 716.26, 716.27, 716.28, 716.29, 716.50, 716.51, 716.52, 716.53, 716.54, 716.55, 716.56, 716.57, 716.58, 716.59, 716.60, 716.61, 716.62, 716.63, 716.64, 716.65, 716.66, 716.67, 716.68, 716.80, 716.81, 716.82, 716.83, 716.84, 716.85, 716.86, 716.87, 716.88, 716.89, 719.10, 719.11, 719.12, 719.13, 719.14, 719.15, 719.16, 719.17, 719.18, 719.19, 719.20, 719.21, 719.22, 719.23, 719.24, 719.25, 719.26, 719.27, 719.28, 719.29, 719.30, 719.31, 719.32, 719.33, 719.34, 719.35, 719.36, 719.37, 719.38, 719.39, 720.2, 720.89, 720.9, 721.6"
59,Other developmental disorder,"F80.0, F80.1, F80.2, F80.4, F80.81, F80.82, F80.89, F80.9, F81.0, F81.2, F81.81, F81.89, F81.9, F82, F88, F89, 315.00, 315.01, 315.02, 315.09, 315.1, 315.2, 315.31, 315.32, 315.34, 315.35, 315.39, 315.4, 315.5, 315.8, 315.9"
60,Other functional disorder,"F51.01, F51.02, F51.03, F51.04, F51.05, F51.09, F51.11, F51.12, F51.13, F51.19, F51.3, F51.4, F51.5, F51.8, F51.9, F52.0, F52.1, F52.21, F52.22, F52.31, F52.32, F52.4, F52.5, F52.6, F52.8, F52.9, F53.0, F53.1, F54, F55.0, F55.1, F55.2, F55.3, F55.4, F55.8, F59, F98.5, 302.70, 302.71, 302.72, 302.73, 302.74, 302.75, 302.76, 302.79, 305.90, 305.91, 305.92, 305.93, 306.0, 306.1, 306.2, 306.3, 306.4, 306.50, 306.51, 306.52, 306.53, 306.59, 306.6, 306.7, 306.8, 306.9, 307.0, 307.40, 307.41, 307.42, 307.43, 307.44, 307.45, 307.46, 307.47, 307.48, 307.49, 307.50, 307.52, 307.53, 307.54, 307.59, 307.81, 307.9, 316, 327.02, 327.15"
61,Other organic mental disorder,"F04, F05, F06.0, F06.1, F06.2, F06.30, F06.31, F06.32, F06.33, F06.34, F06.4, F06.8, F07.0, F07.81, F07.89, F07.9, F09, F10.121, F10.131, F10.132, F10.150, F10.151, F10.159, F10.188, F10.221, F10.231, F10.250, F10.251, F10.259, F10.26, F10.288, F10.921, F10.931, F10.932, F10.950, F10.951, F10.959, F10.96, F10.988, F11.121, F11.150, F11.151, F11.159, F11.221, F11.250, F11.251, F11.259, F11.921, F11.950, F11.951, F11.959, F11.988, F12.121, F12.150, F12.151, F12.159, F12.221, F12.250, F12.251, F12.259, F12.288, F12.921, F12.950, F12.951, F12.959, F12.988, F13.121, F13.131, F13.132, F13.150, F13.151, F13.159, F13.188, F13.221, F13.231, F13.250, F13.251, F13.259, F13.26, F13.288, F13.921, F13.931, F13.950, F13.951, F13.959, F13.96, F13.988, F14.121, F14.150, F14.151, F14.159, F14.188, F14.221, F14.250, F14.251, F14.259, F14.288, F14.921, F14.950, F14.951, F14.959, F14.988, F15.121, F15.150, F15.151, F15.159, F15.188, F15.221, F15.250, F15.251, F15.259, F15.288, F15.921, F15.950, F15.951, F15.959, F15.988, F16.121, F16.150, F16.151, F16.159, F16.188, F16.221, F16.250, F16.251, F16.259, F16.288, F16.921, F16.950, F16.951, F16.959, F16.988, F18.121, F18.150, F18.151, F18.159, F18.17, F18.188, F18.221, F18.250, F18.251, F18.259, F18.27, F18.288, F18.921, F18.950, F18.951, F18.959, F18.988, F19.121, F19.131, F19.132, F19.150, F19.151, F19.159, F19.16, F19.188, F19.221, F19.231, F19.250, F19.251, F19.259, F19.26, F19.288, F19.921, F19.931, F19.950, F19.951, F19.959, F19.96, F19.988, 291.0, 291.1, 291.3, 291.5, 291.89, 291.9, 292.11, 292.81, 292.83, 292.89, 293.0, 293.1, 293.81, 293.82, 293.83, 293.84, 293.89, 293.9, 294.0, 294.8, 294.9, 298.2, 310.0, 310.1, 310.2, 310.89, 310.9"
62,Ovarian cancer,"C56.1, C56.2, C56.9, 183.0"
63,Pancreatic cancer,"C25.0, C25.1, C25.2, C25.3, C25.4, C25.7, C25.8, C25.9, 157.0, 157.1, 157.2, 157.3, 157.4, 157.8, 157.9"
64,Parkinson's disease,"G20, 332.0"
65,Personality and adult behavior disorder,"F60.0, F60.1, F60.2, F60.3, F60.4, F60.5, F60.6, F60.7, F60.81, F60.89, F60.9, F63.0, F63.1, F63.2, F63.3, F63.81, F63.89, F63.9, F64.0, F64.1, F64.2, F64.8, F64.9, F65.0, F65.1, F65.2, F65.3, F65.4, F65.50, F65.51, F65.52, F65.81, F65.89, F65.9, F66, F68.10, F68.11, F68.12, F68.13, F68.8, F68.A, F69, 300.16, 300.19, 301.0, 301.10, 301.11, 301.20, 301.21, 301.3, 301.4, 301.50, 301.51, 301.59, 301.6, 301.7, 301.81, 301.82, 301.83, 301.84, 301.89, 301.9, 302.0, 302.1, 302.2, 302.3, 302.4, 302.50, 302.51, 302.52, 302.53, 302.6, 302.81, 302.82, 302.83, 302.84, 302.85, 302.89, 302.9, 312.30, 312.31, 312.32, 312.33, 312.34, 312.35, 312.39"
66,Prostate cancer,"C61, D07.5, 185, 233.4"
67,Psoriasis,"L40.0, L40.1, L40.2, L40.3, L40.4, L40.50, L40.51, L40.52, L40.53, L40.54, L40.59, L40.8, L40.9, 696.0, 696.1"
68,Regional enteritis and ulcerative colitis,"K50.00, K50.011, K50.012, K50.013, K50.014, K50.018, K50.019, K50.10, K50.111, K50.112, K50.113, K50.114, K50.118, K50.119, K50.80, K50.811, K50.812, K50.813, K50.814, K50.818, K50.819, K50.90, K50.911, K50.912, K50.913, K50.914, K50.918, K50.919, K51.00, K51.011, K51.012, K51.013, K51.014, K51.018, K51.019, K51.20, K51.211, K51.212, K51.213, K51.214, K51.218, K51.219, K51.30, K51.311, K51.312, K51.313, K51.314, K51.318, K51.319, K51.40, K51.411, K51.412, K51.413, K51.414, K51.418, K51.419, K51.50, K51.511, K51.512, K51.513, K51.514, K51.518, K51.519, K51.80, K51.811, K51.812, K51.813, K51.814, K51.818, K51.819, K51.90, K51.911, K51.912, K51.913, K51.914, K51.918, K51.919, 555.0, 555.1, 555.2, 555.9, 556.0, 556.1, 556.2, 556.3, 556.4, 556.5, 556.6, 556.8, 556.9"
69,Retinopathy,"E08.311, E08.319, E08.3211, E08.3212, E08.3213, E08.3219, E08.3291, E08.3292, E08.3293, E08.3299, E08.3311, E08.3312, E08.3313, E08.3319, E08.3391, E08.3392, E08.3393, E08.3399, E08.3411, E08.3412, E08.3413, E08.3419, E08.3491, E08.3492, E08.3493, E08.3499, E08.3511, E08.3512, E08.3513, E08.3519, E08.3521, E08.3522, E08.3523, E08.3529, E08.3531, E08.3532, E08.3533, E08.3539, E08.3541, E08.3542, E08.3543, E08.3549, E08.3551, E08.3552, E08.3553, E08.3559, E08.3591, E08.3592, E08.3593, E08.3599, E09.311, E09.319, E09.3211, E09.3212, E09.3213, E09.3219, E09.3291, E09.3292, E09.3293, E09.3299, E09.3311, E09.3312, E09.3313, E09.3319, E09.3391, E09.3392, E09.3393, E09.3399, E09.3411, E09.3412, E09.3413, E09.3419, E09.3491, E09.3492, E09.3493, E09.3499, E09.3511, E09.3512, E09.3513, E09.3519, E09.3521, E09.3522, E09.3523, E09.3529, E09.3531, E09.3532, E09.3533, E09.3539, E09.3541, E09.3542, E09.3543, E09.3549, E09.3551, E09.3552, E09.3553, E09.3559, E09.3591, E09.3592, E09.3593, E09.3599, E10.311, E10.319, E10.3211, E10.3212, E10.3213, E10.3219, E10.3291, E10.3292, E10.3293, E10.3299, E10.3311, E10.3312, E10.3313, E10.3319, E10.3391, E10.3392, E10.3393, E10.3399, E10.3411, E10.3412, E10.3413, E10.3419, E10.3491, E10.3492, E10.3493, E10.3499, E10.3511, E10.3512, E10.3513, E10.3519, E10.3521, E10.3522, E10.3523, E10.3529, E10.3531, E10.3532, E10.3533, E10.3539, E10.3541, E10.3542, E10.3543, E10.3549, E10.3551, E10.3552, E10.3553, E10.3559, E10.3591, E10.3592, E10.3593, E10.3599, E11.311, E11.319, E11.3211, E11.3212, E11.3213, E11.3219, E11.3291, E11.3292, E11.3293, E11.3299, E11.3311, E11.3312, E11.3313, E11.3319, E11.3391, E11.3392, E11.3393, E11.3399, E11.3411, E11.3412, E11.3413, E11.3419, E11.3491, E11.3492, E11.3493, E11.3499, E11.3511, E11.3512, E11.3513, E11.3519, E11.3521, E11.3522, E11.3523, E11.3529, E11.3531, E11.3532, E11.3533, E11.3539, E11.3541, E11.3542, E11.3543, E11.3549, E11.3551, E11.3552, E11.3553, E11.3559, E11.3591, E11.3592, E11.3593, E11.3599, E11.36, E11.37X1, E11.37X2, E11.37X3, E11.37X9, E11.39, E13.311, E13.319, E13.3211, E13.3212, E13.3213, E13.3219, E13.3291, E13.3292, E13.3293, E13.3299, E13.3311, E13.3312, E13.3313, E13.3319, E13.3391, E13.3392, E13.3393, E13.3399, E13.3411, E13.3412, E13.3413, E13.3419, E13.3491, E13.3492, E13.3493, E13.3499, E13.3511, E13.3512, E13.3513, E13.3519, E13.3521, E13.3522, E13.3523, E13.3529, E13.3531, E13.3532, E13.3533, E13.3539, E13.3541, E13.3542, E13.3543, E13.3549, E13.3551, E13.3552, E13.3553, E13.3559, E13.3591, E13.3592, E13.3593, E13.3599, H30.001, H30.002, H30.003, H30.009, H30.011, H30.012, H30.013, H30.019, H30.021, H30.022, H30.023, H30.029, H30.031, H30.032, H30.033, H30.039, H30.041, H30.042, H30.043, H30.049, H30.101, H30.102, H30.103, H30.109, H30.111, H30.112, H30.113, H30.119, H30.121, H30.122, H30.123, H30.129, H30.131, H30.132, H30.133, H30.139, H30.141, H30.142, H30.143, H30.149, H30.20, H30.21, H30.22, H30.23, H30.811, H30.812, H30.813, H30.819, H30.891, H30.892, H30.893, H30.899, H30.90, H30.91, H30.92, H30.93, H31.001, H31.002, H31.003, H31.009, H31.011, H31.012, H31.013, H31.019, H31.021, H31.022, H31.023, H31.029, H31.091, H31.092, H31.093, H31.099, H33.001, H33.002, H33.003, H33.009, H33.011, H33.012, H33.013, H33.019, H33.021, H33.022, H33.023, H33.029, H33.031, H33.032, H33.033, H33.039, H33.041, H33.042, H33.043, H33.049, H33.051, H33.052, H33.053, H33.059, H33.101, H33.102, H33.103, H33.109, H33.111, H33.112, H33.113, H33.119, H33.121, H33.122, H33.123, H33.129, H33.191, H33.192, H33.193, H33.199, H33.20, H33.21, H33.22, H33.23, H33.301, H33.302, H33.303, H33.309, H33.311, H33.312, H33.313, H33.319, H33.321, H33.322, H33.323, H33.329, H33.331, H33.332, H33.333, H33.339, H33.40, H33.41, H33.42, H33.43, H33.8, H34.00, H34.01, H34.02, H34.03, H34.10, H34.11, H34.12, H34.13, H34.211, H34.212, H34.213, H34.219, H34.231, H34.232, H34.233, H34.239, H34.8110, H34.8111, H34.8112, H34.8120, H34.8121, H34.8122, H34.8130, H34.8131, H34.8132, H34.8190, H34.8191, H34.8192, H34.821, H34.822, H34.823, H34.829, H34.8310, H34.8311, H34.8312, H34.8320, H34.8321, H34.8322, H34.8330, H34.8331, H34.8332, H34.8390, H34.8391, H34.8392, H34.9, H35.00, H35.011, H35.012, H35.013, H35.019, H35.021, H35.022, H35.023, H35.029, H35.031, H35.032, H35.033, H35.039, H35.041, H35.042, H35.043, H35.049, H35.051, H35.052, H35.053, H35.059, H35.061, H35.062, H35.063, H35.069, H35.071, H35.072, H35.073, H35.079, H35.09, H35.101, H35.102, H35.103, H35.109, H35.111, H35.112, H35.113, H35.119, H35.121, H35.122, H35.123, H35.129, H35.131, H35.132, H35.133, H35.139, H35.141, H35.142, H35.143, H35.149, H35.151, H35.152, H35.153, H35.159, H35.161, H35.162, H35.163, H35.169, H35.171, H35.172, H35.173, H35.179, H35.20, H35.21, H35.22, H35.23, H35.40, H35.411, H35.412, H35.413, H35.419, H35.421, H35.422, H35.423, H35.429, H35.431, H35.432, H35.433, H35.439, H35.441, H35.442, H35.443, H35.449, H35.451, H35.452, H35.453, H35.459, H35.461, H35.462, H35.463, H35.469, H35.50, H35.51, H35.52, H35.53, H35.54, H35.60, H35.61, H35.62, H35.63, H35.70, H35.711, H35.712, H35.713, H35.719, H35.721, H35.722, H35.723, H35.729, H35.731, H35.732, H35.733, H35.739, H35.81, H35.82, H35.89, H35.9, H36, 361.00, 361.01, 361.02, 361.03, 361.04, 361.05, 361.06, 361.07, 361.10, 361.11, 361.12, 361.13, 361.14, 361.19, 361.2, 361.30, 361.31, 361.32, 361.33, 361.81, 361.89, 361.9, 362.01, 362.02, 362.03, 362.04, 362.05, 362.06, 362.07, 362.10, 362.11, 362.12, 362.13, 362.14, 362.15, 362.16, 362.17, 362.18, 362.20, 362.21, 362.22, 362.23, 362.24, 362.25, 362.26, 362.27, 362.29, 362.30, 362.31, 362.32, 362.33, 362.35, 362.36, 362.37, 362.40, 362.41, 362.42, 362.43, 362.53, 362.54, 362.55, 362.56, 362.57, 362.60, 362.61, 362.62, 362.63, 362.64, 362.65, 362.66, 362.70, 362.71, 362.72, 362.73, 362.74, 362.75, 362.76, 362.77, 362.81, 362.82, 362.83, 362.84, 362.85, 362.89, 362.9, 363.00, 363.01, 363.03, 363.04, 363.05, 363.06, 363.07, 363.08, 363.10, 363.11, 363.12, 363.13, 363.14, 363.15, 363.20, 363.21, 363.22, 363.30, 363.31, 363.32, 363.33, 363.34, 363.35"
70,Rheumatoid arthritis and related diseases,"M05.00, M05.011, M05.012, M05.019, M05.021, M05.022, M05.029, M05.031, M05.032, M05.039, M05.041, M05.042, M05.049, M05.051, M05.052, M05.059, M05.061, M05.062, M05.069, M05.071, M05.072, M05.079, M05.09, M05.10, M05.111, M05.112, M05.119, M05.121, M05.122, M05.129, M05.131, M05.132, M05.139, M05.141, M05.142, M05.149, M05.151, M05.152, M05.159, M05.161, M05.162, M05.169, M05.171, M05.172, M05.179, M05.19, M05.20, M05.211, M05.212, M05.219, M05.221, M05.222, M05.229, M05.231, M05.232, M05.239, M05.241, M05.242, M05.249, M05.251, M05.252, M05.259, M05.261, M05.262, M05.269, M05.271, M05.272, M05.279, M05.29, M05.30, M05.311, M05.312, M05.319, M05.321, M05.322, M05.329, M05.331, M05.332, M05.339, M05.341, M05.342, M05.349, M05.351, M05.352, M05.359, M05.361, M05.362, M05.369, M05.371, M05.372, M05.379, M05.39, M05.40, M05.411, M05.412, M05.419, M05.421, M05.422, M05.429, M05.431, M05.432, M05.439, M05.441, M05.442, M05.449, M05.451, M05.452, M05.459, M05.461, M05.462, M05.469, M05.471, M05.472, M05.479, M05.49, M05.50, M05.511, M05.512, M05.519, M05.521, M05.522, M05.529, M05.531, M05.532, M05.539, M05.541, M05.542, M05.549, M05.551, M05.552, M05.559, M05.561, M05.562, M05.569, M05.571, M05.572, M05.579, M05.59, M05.60, M05.611, M05.612, M05.619, M05.621, M05.622, M05.629, M05.631, M05.632, M05.639, M05.641, M05.642, M05.649, M05.651, M05.652, M05.659, M05.661, M05.662, M05.669, M05.671, M05.672, M05.679, M05.69, M05.70, M05.711, M05.712, M05.719, M05.721, M05.722, M05.729, M05.731, M05.732, M05.739, M05.741, M05.742, M05.749, M05.751, M05.752, M05.759, M05.761, M05.762, M05.769, M05.771, M05.772, M05.779, M05.79, M05.7A, M05.80, M05.811, M05.812, M05.819, M05.821, M05.822, M05.829, M05.831, M05.832, M05.839, M05.841, M05.842, M05.849, M05.851, M05.852, M05.859, M05.861, M05.862, M05.869, M05.871, M05.872, M05.879, M05.89, M05.8A, M05.9, M06.00, M06.011, M06.012, M06.019, M06.021, M06.022, M06.029, M06.031, M06.032, M06.039, M06.041, M06.042, M06.049, M06.051, M06.052, M06.059, M06.061, M06.062, M06.069, M06.071, M06.072, M06.079, M06.08, M06.09, M06.0A, M06.1, M06.20, M06.211, M06.212, M06.219, M06.221, M06.222, M06.229, M06.231, M06.232, M06.239, M06.241, M06.242, M06.249, M06.251, M06.252, M06.259, M06.261, M06.262, M06.269, M06.271, M06.272, M06.279, M06.28, M06.29, M06.30, M06.311, M06.312, M06.319, M06.321, M06.322, M06.329, M06.331, M06.332, M06.339, M06.341, M06.342, M06.349, M06.351, M06.352, M06.359, M06.361, M06.362, M06.369, M06.371, M06.372, M06.379, M06.38, M06.39, M06.4, M06.80, M06.811, M06.812, M06.819, M06.821, M06.822, M06.829, M06.831, M06.832, M06.839, M06.841, M06.842, M06.849, M06.851, M06.852, M06.859, M06.861, M06.862, M06.869, M06.871, M06.872, M06.879, M06.88, M06.89, M06.8A, M06.9, M08.00, M08.011, M08.012, M08.019, M08.021, M08.022, M08.029, M08.031, M08.032, M08.039, M08.041, M08.042, M08.049, M08.051, M08.052, M08.059, M08.061, M08.062, M08.069, M08.071, M08.072, M08.079, M08.08, M08.09, M08.0A, M08.1, M08.20, M08.211, M08.212, M08.219, M08.221, M08.222, M08.229, M08.231, M08.232, M08.239, M08.241, M08.242, M08.249, M08.251, M08.252, M08.259, M08.261, M08.262, M08.269, M08.271, M08.272, M08.279, M08.28, M08.29, M08.2A, M08.3, M08.40, M08.411, M08.412, M08.419, M08.421, M08.422, M08.429, M08.431, M08.432, M08.439, M08.441, M08.442, M08.449, M08.451, M08.452, M08.459, M08.461, M08.462, M08.469, M08.471, M08.472, M08.479, M08.48, M08.4A, M08.80, M08.811, M08.812, M08.819, M08.821, M08.822, M08.829, M08.831, M08.832, M08.839, M08.841, M08.842, M08.849, M08.851, M08.852, M08.859, M08.861, M08.862, M08.869, M08.871, M08.872, M08.879, M08.88, M08.89, M08.90, M08.911, M08.912, M08.919, M08.921, M08.922, M08.929, M08.931, M08.932, M08.939, M08.941, M08.942, M08.949, M08.951, M08.952, M08.959, M08.961, M08.962, M08.969, M08.971, M08.972, M08.979, M08.98, M08.99, M08.9A, M12.00, M12.011, M12.012, M12.019, M12.021, M12.022, M12.029, M12.031, M12.032, M12.039, M12.041, M12.042, M12.049, M12.051, M12.052, M12.059, M12.061, M12.062, M12.069, M12.071, M12.072, M12.079, M12.08, M12.09, M45.0, M45.1, M45.2, M45.3, M45.4, M45.5, M45.6, M45.7, M45.8, M45.9, M48.8X1, M48.8X2, M48.8X3, M48.8X4, M48.8X5, M48.8X6, M48.8X7, M48.8X8, M48.8X9, 714.0, 714.1, 714.2, 714.30, 714.31, 714.32, 714.33, 714.4, 714.81, 714.89, 714.9, 720.0"
71,Schizophrenic disorder,"F20.0, F20.1, F20.2, F20.3, F20.5, F20.81, F20.89, F20.9, F21, F22, F23, F24, F25.0, F25.1, F25.8, F25.9, F28, F29, 295.00, 295.01, 295.02, 295.03, 295.04, 295.05, 295.10, 295.11, 295.12, 295.13, 295.14, 295.15, 295.20, 295.21, 295.22, 295.23, 295.24, 295.25, 295.30, 295.31, 295.32, 295.33, 295.34, 295.35, 295.40, 295.41, 295.42, 295.43, 295.44, 295.45, 295.50, 295.51, 295.52, 295.53, 295.54, 295.55, 295.60, 295.61, 295.62, 295.63, 295.64, 295.65, 295.70, 295.71, 295.72, 295.73, 295.74, 295.75, 295.80, 295.81, 295.82, 295.83, 295.84, 295.85, 295.90, 295.91, 295.92, 295.93, 295.94, 295.95, 297.0, 297.1, 297.2, 297.3, 297.8, 297.9, 298.1, 298.3, 298.4, 298.8, 298.9, 301.22"
72,Sequelae of cerebrovascular disease,"I69.00, I69.010, I69.011, I69.012, I69.013, I69.014, I69.015, I69.018, I69.019, I69.020, I69.021, I69.022, I69.023, I69.028, I69.031, I69.032, I69.033, I69.034, I69.039, I69.041, I69.042, I69.043, I69.044, I69.049, I69.051, I69.052, I69.053, I69.054, I69.059, I69.061, I69.062, I69.063, I69.064, I69.065, I69.069, I69.090, I69.091, I69.092, I69.093, I69.098, I69.10, I69.110, I69.111, I69.112, I69.113, I69.114, I69.115, I69.118, I69.119, I69.120, I69.121, I69.122, I69.123, I69.128, I69.131, I69.132, I69.133, I69.134, I69.139, I69.141, I69.142, I69.143, I69.144, I69.149, I69.151, I69.152, I69.153, I69.154, I69.159, I69.161, I69.162, I69.163, I69.164, I69.165, I69.169, I69.190, I69.191, I69.192, I69.193, I69.198, I69.20, I69.210, I69.211, I69.212, I69.213, I69.214, I69.215, I69.218, I69.219, I69.220, I69.221, I69.222, I69.223, I69.228, I69.231, I69.232, I69.233, I69.234, I69.239, I69.241, I69.242, I69.243, I69.244, I69.249, I69.251, I69.252, I69.253, I69.254, I69.259, I69.261, I69.262, I69.263, I69.264, I69.265, I69.269, I69.290, I69.291, I69.292, I69.293, I69.298, I69.30, I69.310, I69.311, I69.312, I69.313, I69.314, I69.315, I69.318, I69.319, I69.320, I69.321, I69.322, I69.323, I69.328, I69.331, I69.332, I69.333, I69.334, I69.339, I69.341, I69.342, I69.343, I69.344, I69.349, I69.351, I69.352, I69.353, I69.354, I69.359, I69.361, I69.362, I69.363, I69.364, I69.365, I69.369, I69.390, I69.391, I69.392, I69.393, I69.398, I69.80, I69.810, I69.811, I69.812, I69.813, I69.814, I69.815, I69.818, I69.819, I69.820, I69.821, I69.822, I69.823, I69.828, I69.831, I69.832, I69.833, I69.834, I69.839, I69.841, I69.842, I69.843, I69.844, I69.849, I69.851, I69.852, I69.853, I69.854, I69.859, I69.861, I69.862, I69.863, I69.864, I69.865, I69.869, I69.890, I69.891, I69.892, I69.893, I69.898, I69.90, I69.910, I69.911, I69.912, I69.913, I69.914, I69.915, I69.918, I69.919, I69.920, I69.921, I69.922, I69.923, I69.928, I69.931, I69.932, I69.933, I69.934, I69.939, I69.941, I69.942, I69.943, I69.944, I69.949, I69.951, I69.952, I69.953, I69.954, I69.959, I69.961, I69.962, I69.963, I69.964, I69.965, I69.969, I69.990, I69.991, I69.992, I69.993, I69.998, 438.0, 438.10, 438.11, 438.12, 438.13, 438.14, 438.19, 438.20, 438.21, 438.22, 438.30, 438.31, 438.32, 438.40, 438.41, 438.42, 438.50, 438.51, 438.52, 438.53, 438.6, 438.7, 438.81, 438.82, 438.83, 438.84, 438.85, 438.89, 438.9"
73,Skin melanoma,"C43.0, C43.10, C43.111, C43.112, C43.121, C43.122, C43.20, C43.21, C43.22, C43.30, C43.31, C43.39, C43.4, C43.51, C43.52, C43.59, C43.60, C43.61, C43.62, C43.70, C43.71, C43.72, C43.8, C43.9, D03.0, D03.10, D03.111, D03.112, D03.121, D03.122, D03.20, D03.21, D03.22, D03.30, D03.39, D03.4, D03.51, D03.52, D03.59, D03.60, D03.61, D03.62, D03.70, D03.71, D03.72, D03.8, D03.9, 172.0, 172.1, 172.2, 172.3, 172.4, 172.5, 172.6, 172.7, 172.8, 172.9"
74,Stomach cancer,"C16.0, C16.1, C16.2, C16.3, C16.4, C16.5, C16.6, C16.8, C16.9, C49.A2, C7A.092, D00.2, 151.0, 151.1, 151.2, 151.3, 151.4, 151.5, 151.6, 151.8, 151.9, 209.23, 230.2"
75,Testicular cancer,"C62.00, C62.01, C62.02, C62.10, C62.11, C62.12, C62.90, C62.91, C62.92, 186.0, 186.9"
76,Thyroid cancer,"C73, D09.3, 193"
77,Tobacco dependence,"F17.200, F17.201, F17.203, F17.208, F17.209, F17.210, F17.211, F17.213, F17.218, F17.219, F17.220, F17.221, F17.223, F17.228, F17.229, F17.290, F17.291, F17.293, F17.298, F17.299, 305.1"
78,Urinary lithiasis,"N20.0, N20.1, N20.2, N20.9, N21.0, N21.1, N21.8, N21.9, N22, N23, 592.0, 592.1, 592.9, 594.0, 594.1, 594.2, 594.8, 594.9, 788.0"
79,Uterine cancer,"C54.0, C54.1, C54.2, C54.3, C54.8, C54.9, C55, D07.0, 179, 182.0, 182.1, 182.8, 233.2"
